,nyt_title,nyt_date,nyt_abstract,nyt_url,news_index,poli_con_class,
2401,The Growing Private-Sector Involvement in Canadian Public Health Care Systems,2024-01-20,Ontario announced plans this week to further expand services offered through privately owned clinics under its health plan.,https://www.nytimes.com/2024/01/20/world/canada/canada-letter-private-health-care.html,2401,0,
8376,"Who Won, Who Lost and What’s Still Undecided From Super Tuesday",2024-03-06,The presidential candidates weren’t the only ones on the ballot.,https://www.nytimes.com/2024/03/06/us/politics/super-tuesday-won-lost.html,8376,0,
5547,Why So Many Palestinians and Israelis Are Talking About Marwan Barghouti,2024-02-14,"His name may not be familiar to many Americans, but people in the Middle East know it well.",https://www.nytimes.com/2024/02/14/opinion/marwan-barghouti-palestinian-israel.html,5547,0,
6306,Three Questions About Rafah,2024-02-20,A looming battle in the southern Gaza city embodies the brutal dynamics of the conflict.,https://www.nytimes.com/2024/02/20/briefing/rafah-israel-gaza-war.html,6306,1,
10429,Trump Indicates He Would Back a 15-Week Federal Abortion Ban,2024-03-20,"The remarks on a radio show came after he had been privately expressing support for a similar ban, at 16 weeks.",https://www.nytimes.com/2024/03/20/us/politics/trump-15-week-federal-abortion-ban.html,10429,0,
5725,Bobby Kennedy and Tom Suozzi,2024-02-15,Suozzi’s campaign offered an early glimpse of messages that Democrats plan to use against Donald Trump.,https://www.nytimes.com/2024/02/15/briefing/bobby-kennedy-and-tom-suozzi.html,5725,0,
1371,"Accused of Genocide, Israelis See Reversal of Reality. Palestinians See Justice.",2024-01-12,"Israel stands accused of committing genocide in Gaza. To Israelis, the charge is a perversion of history. But for Palestinians it creates a fleeting sense of justice.",https://www.nytimes.com/2024/01/12/world/middleeast/israel-palestinians-icj-genocide.html,1371,1,
1478,Why Jan. 6 Wasn’t an Insurrection,2024-01-12,Comparing the Capitol riot to the Beer Hall Putsch and the Whiskey Rebellion.,https://www.nytimes.com/2024/01/12/opinion/jan-6-not-insurrection.html,1478,0,
2288,Making Changes to U.S. Immigration Policy,2024-01-19,Readers discuss a guest essay suggesting ways to fix the immigration crisis. Also: Aid to Ukraine; Nikki Haley and the Confederate flag; Botox.,https://www.nytimes.com/2024/01/19/opinion/immigration-policy.html,2288,0,
686,Bangladesh Leader Headed to 4th Straight Term in Vote Marred by Crackdown,2024-01-07,"With the opposition in jail or off the ballots in a boycott, the prime minister for the past 15 years was expected to maintain her grip on power in what appeared to be a low-turnout vote.",https://www.nytimes.com/2024/01/07/world/asia/bangladesh-election.html,686,0,
71,South Korean Opposition Leader Is Stabbed,2024-01-02,"Lee Jae-myung, the Democratic Party head, was attacked by a 66-year-old man in the city of Busan, the police said. Mr. Lee is now recovering from surgery.",https://www.nytimes.com/2024/01/01/world/asia/south-korea-opposition-lee-jae-myung.html,71,1,
4001,"10 Guards, 900 Inmates and the Dire Results of Warnings Ignored",2024-02-02,"An extreme shortage of guards at Wisconsin’s prisons has slowed basic operations to a crawl. Inmates escaped, prisons locked down and conditions deteriorated.",https://www.nytimes.com/2024/02/02/us/wi-prison-staffing-shortage.html,4001,0,
11702,Welcome to the Jess Bidgood Era,2024-03-29,"After a long and exhaustive search, we have found our next newsletter writer.",https://www.nytimes.com/2024/03/29/us/politics/bidgood-biden-trump.html,11702,0,
5666,Thursday Briefing,2024-02-15,Russian advances on a space-based nuclear weapon.,https://www.nytimes.com/2024/02/15/briefing/russia-space-nuclear-weapon-indonesia-president.html,5666,0,
9257,The Bay Area Leads the National Shift to Electric Vehicles,2024-03-12,San Jose and San Francisco had the highest E.V. adoption rate among major U.S. metropolitan areas last year.,https://www.nytimes.com/2024/03/12/us/bay-area-electric-vehicles.html,9257,0,
10421,E.U. Finds a Way to Make Russia Pay for Weapons for Ukraine,2024-03-20,"Using interest earned on frozen Russian assets held in Europe, the bloc plans to raise billions. But other ways to pay for new weapons remain elusive.",https://www.nytimes.com/2024/03/20/world/europe/eu-russia-weapons-ukraine.html,10421,1,
1172,Haley Hits DeSantis on Disney: Government Shouldn’t ‘Bully’ Companies,2024-01-11,The former South Carolina governor cast the Florida governor as anti-business.,https://www.nytimes.com/2024/01/10/us/politics/desantis-disney-haley.html,1172,0,
1702,The Weather in Iowa Is Not the Only Thing That Is Bitterly Cold,2024-01-15,It might as well be “Frozen III” in Des Moines. And what a cast of characters.,https://www.nytimes.com/2024/01/15/opinion/iowa-trump-biden-cold.html,1702,0,
10393,Ex-General Accused of Rights Abuses Is Declared Winner of Indonesia Election,2024-03-20,"The official result confirmed projections made after last month’s vote, which raised concerns about the vibrancy of the country’s democracy.",https://www.nytimes.com/2024/03/20/world/asia/prabowo-official-indonesia-election.html,10393,0,
5127,No More Legal Games for Donald Trump,2024-02-10,The Supreme Court can put a stop to the former president’s attempts to delay his criminal trial.,https://www.nytimes.com/2024/02/10/opinion/editorials/trump-immunity-supreme-court.html,5127,0,
2002,"In Norway, a Proposed Ban on Foreign Adoptions Rattles All Sides of a Heated Debate",2024-01-17,"A policy body recommended this week that the country halt all foreign adoptions amid allegations of stolen children, falsified paperwork and for-profit adoption schemes.",https://www.nytimes.com/2024/01/17/world/europe/foreign-adoptions-ban-norway-denmark.html,2002,0,
1408,Removal of Netflix Film Shows Advancing Power of India’s Hindu Right Wing,2024-01-12,The movie “Annapoorani” was about a female chef overcoming caste prejudice. Hindu activists said it hurt their feelings.,https://www.nytimes.com/2024/01/12/world/asia/india-netflix-hindu.html,1408,0,
3335,Washington Man Pleads Guilty to Making Numerous ‘Swatting’ Calls,2024-01-27,"Ashton Connor Garcia, who called himself a “cyberterrorist,” made 20 calls about fake bombs, shootings and other threats that drew police responses, officials said.",https://www.nytimes.com/2024/01/27/us/washington-swatting-fake-emergencies.html,3335,0,
10771,"Gunmen Kill 60 at Concert Hall Outside Moscow, Russian Authorities Say",2024-03-22,"The Islamic State claimed the attack, the deadliest in the Moscow region in more than a decade.",https://www.nytimes.com/2024/03/22/world/europe/moscow-shooting.html,10771,1,
783,The Election No One Seems to Want Is Coming Right at Us,2024-01-08,It’s 2024. Sorry.,https://www.nytimes.com/2024/01/08/opinion/trump-biden-claudine-gay.html,783,0,
10738,Congress Passes Spending Bill in Wee Hours to Fend Off Shutdown,2024-03-22,"After hours of delay, the Senate overwhelmingly voted for the $1.2 trillion bill to fund more than half of the government, sending the measure to President Biden’s desk.",https://www.nytimes.com/2024/03/22/us/politics/congress-spending-bill-government-shutdown.html,10738,0,
1653,How the Iowa Caucuses Work,2024-01-14,"The parties, not the state government, run the caucuses, which have a different feel from most other balloting.",https://www.nytimes.com/2024/01/14/us/politics/iowa-caucus-vote-how-where-when.html,1653,0,
5625,F.B.I. Director Makes a Secret Trip to Israel,2024-02-14,"Christopher A. Wray, whose agency has worked with Israeli authorities to pursue atrocities committed by Hamas, has made his first visit to Israel since the war began, the bureau disclosed.",https://www.nytimes.com/2024/02/14/world/middleeast/israel-fbi-christopher-wray.html,5625,1,
10803,Chicago Voters Reject Real Estate Tax Change to Fund Homeless Programs,2024-03-22,"The referendum, backed by progressives but criticized by the real estate industry, called for raising transfer taxes on properties that sell for more than $1 million.",https://www.nytimes.com/2024/03/22/us/chicago-real-estate-tax-vote.html,10803,0,
6370,Read the Charging Documents Against Lyndell Mays,2024-02-20,"Two Missouri residents, Dominic Miller and Lyndell Mays, were charged with murder in the shooting that erupted after the Super Bowl parade in Kansas City, Mo. Here are the charging documents against Lyndell Mays.",https://www.nytimes.com/interactive/2024/02/20/us/mays-kc-charging-docs.html,6370,0,
8230,Texas 33rd Congressional District Primary Election Results,2024-03-05,Get live results and maps from the 2024 Texas primary election.,https://www.nytimes.com/interactive/2024/03/05/us/elections/results-texas-us-house-33-primary.html,8230,0,
8489,Israel-Hamas Talks Over Hostage Releases and a Cease-Fire Stall,2024-03-06,"Officials say Hamas has continued to press Israel for a commitment to a permanent cease-fire after a multistage release of all hostages, but Israel has refused.",https://www.nytimes.com/2024/03/06/us/politics/israel-hamas-hostages.html,8489,1,
10600,Civil Judgments Sting as Criminal Cases Slow,2024-03-21,Civil cases are keeping the pressure on Donald Trump ahead of his four criminal trials.,https://www.nytimes.com/2024/03/21/us/politics/trump-trial-civil-cases-bond.html,10600,0,
10450,Coming Up After the Break: Trump Picks a Running Mate,2024-03-20,"The former president, who knows a thing or two about televised drama, is already dropping hints.",https://www.nytimes.com/2024/03/20/us/politics/trump-running-mate.html,10450,0,
7536,Pennsylvania Plans Task Force to Combat Election Disruptions,2024-02-29,"The federal-state joint effort will aim to “combat misinformation, safeguard the rights of every citizen and ensure this election is safe, secure, free and fair,” Gov. Josh Shapiro said.",https://www.nytimes.com/2024/02/29/us/politics/pennsylania-elections-misinformation-task-force.html,7536,0,
1552,U.N. Warns Gaza Is Heading for Famine as Specter of Wider War Looms,2024-01-13,Officials of the Iran-backed Houthi militia in Yemen threatened to respond to American-led airstrikes over the past two days.,https://www.nytimes.com/2024/01/13/world/middleeast/houthis-yemen-us-strikes-gaza.html,1552,1,
8124,"Fewer Voters Think Trump Committed Crimes, Polls Show",2024-03-05,"A strategy to delay Donald J. Trump’s trials may be changing views, with the percentage of voters who see his actions as crimes falling across the spectrum since December.",https://www.nytimes.com/2024/03/05/us/politics/donald-trump-poll-crimes.html,8124,0,
2332,Can Elon Musk Really Do That?,2024-01-19,His demand to own 25 percent of Tesla’s shares is a fascinating stress test of corporate governance.,https://www.nytimes.com/2024/01/19/opinion/elon-musk-tesla-ai.html,2332,0,
5998,Are There Any Persuadable Voters Left?,2024-02-16,“You want me to name them individually? Because I probably could at this point.”,https://www.nytimes.com/2024/02/16/us/politics/presidential-election-voters.html,5998,0,
2526,Landslide in China Wipes Out Fields and Houses,2024-01-22,"Footage from China Central Television, a state media outlet, showed a landslide that flowed down a snowy mountain in Yunnan Province.",https://www.nytimes.com/video/world/asia/100000009275774/china-landslide-buries-dozens.html,2526,0,
7973,Four Years Since California Declared a Covid Emergency,2024-03-04,The state recently adopted some of the most lax Covid guidance in the nation.,https://www.nytimes.com/2024/03/04/us/california-covid-emergency.html,7973,0,
6896,Aleksei Navalny Inspired Me to Start Pussy Riot. His Vision Is Immortal.,2024-02-24,Nadya Tolokonnikova on the hope she still holds for Russia’s resistance movement.,https://www.nytimes.com/2024/02/24/opinion/alexei-navalny-death-resistance.html,6896,0,
16,New State Laws on Hot-Button Issues Take Effect Today,2024-01-01,"Many state laws take effect on the first day of 2024, including new rules on gun safety, a ban on diversity programs and a curb on telemarketing calls.",https://www.nytimes.com/2024/01/01/us/new-state-laws-2024.html,16,0,
1173,Trump Suggests He’s Decided on a Vice President: ‘I Know Who It’s Going to Be’,2024-01-11,"The former president, at a town hall on Fox News on Wednesday, suggested he has made up his mind on a running mate, but then he declined to provide details.",https://www.nytimes.com/2024/01/10/us/politics/trump-vp-pick.html,1173,0,
9006,Elon Musk Has a Giant Charity. Its Money Stays Close to Home.,2024-03-10,"After making billions in tax-deductible donations to his philanthropy, Elon Musk gave away far less than required in some years — and what he did give often supported his own interests.",https://www.nytimes.com/video/us/100000009350979/elon-musk-keeps-his-money-close.html,9006,0,
11646,"Israel Cites ‘New Initiatives’ for Gaza Aid, but Progress Has Been Slow",2024-03-29,"The country pointed to measures to deliver necessities by land, air and sea that aid groups say are not nearly sufficient to meet the need.",https://www.nytimes.com/2024/03/29/world/middleeast/israel-gaza-aid-famine.html,11646,1,
6671,Friday Briefing: Two Years of War in Ukraine,2024-02-22,"Also, an attempt at a moon landing.",https://www.nytimes.com/2024/02/22/world/asia/friday-briefing-two-years-of-war-in-ukraine.html,6671,1,
8311,The Rich Spend Differently From You and Me,2024-03-05,Your inflation rate may not be mine. Does it matter?,https://www.nytimes.com/2024/03/05/opinion/inflation-income-inequality.html,8311,0,
2431,"Lev Rubinstein, Russian Poet and a Critic of Putin, Is Dead at 76",2024-01-20,He helped found an avant-garde movement fusing art and prose and was outspoken against the invasion of Ukraine. He died after he was hit by a car in Moscow.,https://www.nytimes.com/2024/01/20/world/europe/lev-rubinstein-dead.html,2431,0,
10272,DNA From Discarded Gum Leads to Conviction in 1980 Oregon Murder,2024-03-19,"Robert Arthur Plympton was found guilty of murdering Barbara Mae Tucker, 19, who was kidnapped, sexually assaulted and beaten to death on a community college campus near Portland.",https://www.nytimes.com/2024/03/19/us/oregon-man-guilty-murder-dna.html,10272,0,
3487,Biden’s Options Range From Unsatisfying to Risky After American Deaths,2024-01-29,"President Biden is balancing political pressures, military calculations and regional fragility after a drone strike killed three service members.",https://www.nytimes.com/2024/01/29/us/politics/us-biden-iran-drone-response.html,3487,1,
2100,See the Rapid Expansion of Tent Camps in Southern Gaza,2024-01-18,Satellite images show the huge influx of displaced people in Rafah as more evacuees have moved south to avoid areas under Israeli bombardment.,https://www.nytimes.com/interactive/2024/01/18/world/middleeast/gaza-displaced-tent-camps-rafah.html,2100,1,
1181,"Chris Christie, We Miss You!",2024-01-11,Nikki Haley and Ron DeSantis summon the right fury for the wrong target.,https://www.nytimes.com/2024/01/11/opinion/iowa-debate-desantis-haley.html,1181,0,
11745,‘Punjabi Wave’ Music Hits the Juno Awards Stage,2024-03-30,"Karan Aujla, 27, became the first Punjabi artist to win an award at the Junos as the genre expands its fan base in Canada.",https://www.nytimes.com/2024/03/30/world/canada/juno-awards-karan-aujla.html,11745,0,
3910,"For Orban, Ukraine Is a Pawn in a Longer Game",2024-02-01,"His real aim is to lead a populist and nativist rebellion against Europe’s liberal elite, though that campaign is showing signs of faltering.",https://www.nytimes.com/2024/02/01/world/europe/orban-ukraine-funding-hungary.html,3910,1,
4230,"What Does Being Sober Mean Today? For Many, Not Full Abstinence.",2024-02-04,"More younger Americans are shunning alcohol while embracing cannabis, ketamine and psychedelics, shaking up the field of addiction medicine.",https://www.nytimes.com/2024/02/04/us/addiction-california-sober.html,4230,0,
8525,How the State of the Union Became a Picture of Disunion,2024-03-07,"What used to be a solemn event, governed by dignity and protocol, has more recently become marked by partisan disruption.",https://www.nytimes.com/interactive/2024/03/06/us/state-of-the-union-partisan-history.html,8525,0,
4756,"Iceland Volcano Erupts Again, Cutting Off Hot Water to Thousands",2024-02-08,The flowing lava poured over a key pipe that transports hot water from the local power plant to nearby towns.,https://www.nytimes.com/2024/02/08/world/europe/iceland-volcano-erupts.html,4756,0,
166,Harvard’s President Resigned After Plagiarism Accusations,2024-01-02,"Also, a senior Hamas leader was killed in Beirut. Here’s the latest at the end of Tuesday.",https://www.nytimes.com/2024/01/02/briefing/harvards-president-resigned-after-plagiarism-accusations.html,166,1,
10513,"America First Legal, a Trump-Aligned Group, Is Spoiling for a Fight",2024-03-21,"The group, headed by the former Trump adviser Stephen Miller, has filed more than 100 legal actions against “woke” companies and others. But winning may be beside the point.",https://www.nytimes.com/2024/03/21/us/politics/stephen-miller-america-first-legal.html,10513,0,
6096,"From Frigid Cells to Mystery Injections, Prison Imperiled Navalny’s Health",2024-02-17,"Although Aleksei A. Navalny’s cause of death is not known, his staff often worried that brutal conditions imposed on him in ever crueler prisons might lead to his death.",https://www.nytimes.com/2024/02/17/world/europe/navalny-health-prison-death.html,6096,0,
3407,Maine Town Manager Dies Saving His Son After Both Fall Through Ice,2024-01-28,"Kevin Howell, 51, the town manager in Carmel, Maine, and his 4-year-old son fell through the ice while crossing a pond. He rescued his son, who ran home to get help.",https://www.nytimes.com/2024/01/28/us/maine-town-manager-dies.html,3407,0,
2907,Israel and Hamas’s Cease-Fire and Hostage Deal Proposals: What to Know,2024-01-24,"The negotiations continue, but the sides are far apart on issues including the fate of Hamas’s top leadership in the Gaza Strip.",https://www.nytimes.com/2024/01/24/world/middleeast/israel-hamas-hostages-ceasefire-talks.html,2907,1,
10833,Millions of Low-Income Families Set to Lose Internet Subsidies,2024-03-23,"The Affordable Connectivity Program, a $14.2 billion federal effort to make internet service more affordable, is expected to run out of funding this spring.",https://www.nytimes.com/2024/03/23/us/politics/internet-subsidies-affordable-connecticity-program.html,10833,0,
916,"To Win Iowa, Trump Turns to Allies Like Marjorie Taylor Greene",2024-01-09,"With the former president busy defending himself in court from 91 felony charges, his campaign has deployed high-profile conservatives to help fill the gaps in Iowa.",https://www.nytimes.com/2024/01/09/us/politics/trump-iowa-caucuses-mtg.html,916,0,
822,"Israel Picks Holocaust Survivor Judge for Genocide Case, Surprising Some",2024-01-08,"Aharon Barak, a retired Israeli Supreme Court president, fought the government’s judicial overhaul plan. But it chose him for the panel hearing a case against it in a United Nations court.",https://www.nytimes.com/2024/01/08/world/middleeast/israel-gaza-genocide-case-judge-barak.html,822,0,
4052,Where Have All the Transfers Gone?,2024-02-02,"A quiet January window may not be a bubble bursting, but rather an awareness that the player-acquisition business has changed.",https://www.nytimes.com/2024/02/02/world/europe/january-transfer-window.html,4052,0,
1731,U.S. Defense Secretary Is Released From the Hospital After 2 Weeks,2024-01-15,"The secretary, Lloyd J. Austin III, kept the White House in the dark about his hospitalization for several days, a major breach of protocol at the highest national security levels.",https://www.nytimes.com/2024/01/15/us/politics/defense-secretary-lloyd-austin-hospital-release.html,1731,0,
6683,Pro-Trump Internet Trolls Escalate Ugly Attacks on Nikki Haley,2024-02-22,"For most of the campaign, Ms. Haley was spared the full force of former President Donald J. Trump’s devoted online following. No longer.",https://www.nytimes.com/2024/02/22/us/politics/trump-trolls-nikki-haley.html,6683,0,
182,Military ‘Practice Bomb’ Washes Ashore in California,2024-01-03,"The munition, which was carried to shore by the rough surf that battered the state last week, was found on New Year’s Eve.",https://www.nytimes.com/2024/01/03/us/wwii-bomb-santa-cruz-beach.html,182,0,
9725,How a Tiny Arts Center Is Helping a Rural County Heal After Wildfires,2024-03-15,"The Middletown Art Center in Lake County has turned into a “focal point for the area’s resilience and growth,” one resident said.",https://www.nytimes.com/2024/03/15/us/lake-county-california-art-center.html,9725,0,
6293,"I’m the Mayor of Dearborn, Mich., and My City Feels Betrayed",2024-02-20,I worry Biden will be remembered not as the president who saved American democracy but as the president who sacrificed it for Netanyahu.,https://www.nytimes.com/2024/02/20/opinion/biden-dearborn-michigan-gaza.html,6293,0,
2465,"In France, a Conviction for Police Brutality, but Little Expectation of Change",2024-01-21,"A police officer who seriously injured a 22-year-old Black man with a baton during an arrest in 2017 was convicted, but given only a suspended sentence.",https://www.nytimes.com/2024/01/21/world/europe/france-police-brutality-verdict.html,2465,0,
5004,Burned Vehicles Litter Streets After Clashes in Northern India,2024-02-09,"Protests broke out in the town of Haldwani, India, after officials and the police arrived to demolish a mosque and a Muslim seminary.",https://www.nytimes.com/video/world/asia/100000009305985/india-clashes-mosque-muslim-seminary.html,5004,1,
10861,"Hey, Losers! Here’s How to Bring Baseball’s Very Boring Era to an End.",2024-03-23,"Without trash talk, baseball has lost more than the occasional dugout brawl and well-timed zinger; it’s lost some of its drama.",https://www.nytimes.com/2024/03/23/opinion/baseball-season-mlb-trash-talk.html,10861,0,
8084,My Father’s Quiet Love Speaks Louder Than Words,2024-03-05,Ours is a tacit understanding that we’ve got each other’s backs.,https://www.nytimes.com/2024/03/05/opinion/grief-fathers-first-generation.html,8084,0,
4049,"In California, the Number of Monarch Butterflies Has Dropped by 30 Percent",2024-02-02,The orange and black insects were classified as endangered in 2022.,https://www.nytimes.com/2024/02/02/us/california-monarch-butterflies-population.html,4049,0,
6086,Our Society Is Not a Bee Hive,2024-02-17,A billionaire in Texas is showing how our system really works.,https://www.nytimes.com/2024/02/17/opinion/texas-tim-dunn-trump.html,6086,0,
9503,‘What’s My Life Worth?’ The Big Business of Denying Medical Care,2024-03-14,"Insurance companies have weaponized a seemingly benign process to protect their profits, and it’s putting patients at risk.",https://www.nytimes.com/video/opinion/100000009345904/health-insurance-prior-authorization.html,9503,0,
10800,U.S. Says ISIS Was Responsible for Deadly Moscow Concert Hall Attack,2024-03-22,"After a period of relative quiet, the Islamic State has been trying to increase its external attacks, according to U.S. counterterrorism officials.",https://www.nytimes.com/2024/03/22/world/europe/isis-moscow-attack-concert-hall.html,10800,1,
3354,"For New Moms in Seoul, 3 Weeks of Pampering and Sleep at a Joriwon",2024-01-28,"Some new mothers say postpartum care centers are the best part of childbirth in South Korea, where fewer people are deciding to have children because of high costs.",https://www.nytimes.com/2024/01/28/world/asia/south-korea-joriwon-postpartum-care.html,3354,0,
721,Monday Briefing: Bangladesh’s Troubled Election,2024-01-07,Plus why the first galaxies were banana-shaped.,https://www.nytimes.com/2024/01/07/briefing/bangladesh-election-hamas-gaza-japan-steel.html,721,0,
2938,New Hampshire Showed Trump’s Strengths and Weaknesses,2024-01-24,"Also, a Russian military plane crashed near Ukraine. Here’s the latest at the end of Wednesday.",https://www.nytimes.com/2024/01/24/briefing/new-hampshire-trump-russian-plane-crash.html,2938,0,
5021,Putin to U.S.: Let’s Make a Deal on Ukraine (on My Terms),2024-02-09,"The Russian leader clearly believes he can now negotiate from strength, but the message in the Tucker Carlson interview was muddled, critics say.",https://www.nytimes.com/2024/02/09/world/europe/putin-ukraine-deal-tucker-carlson-interview.html,5021,1,
5735,Which Version of an Ex-General Did Indonesia Just Vote For?,2024-02-15,"Prabowo Subianto has had many identities over the years: a commander under sanctions for rights abuses, a violent nationalist and, now, the candidate of continuity.",https://www.nytimes.com/2024/02/15/world/asia/indonesia-election-president-prabowo.html,5735,0,
7575,Nikki Haley Is Actually Winning,2024-02-29,She’s not running against Trump. She’s using him to launder her image.,https://www.nytimes.com/2024/02/29/opinion/nikki-haley-trump-election.html,7575,0,
1782,Putin Is Making His Plans Brutally Clear,2024-01-16,"Ukrainians know that when it comes to Vladimir Putin, one must not trust what he says, but watch what he does.",https://www.nytimes.com/2024/01/16/opinion/putin-ukraine-war.html,1782,1,
4435,Biden Offers Aid to California as It Deals with Floods and Mudslides,2024-02-06,The president addressed the public via Los Angeles Mayor Karen Bass’s speakerphone to offer aid from FEMA after a deadly atmospheric river hit the state.,https://www.nytimes.com/video/us/100000009299382/biden-offers-aid-to-california-as-it-deals-with-floods-and-mudslides.html,4435,0,
9872,India’s 2024 General Election: What to Know,2024-03-16,India’s general elections will determine the political direction of the world’s most populous nation for the next five years.,https://www.nytimes.com/2024/03/16/world/asia/india-2024-election.html,9872,0,
7318,What Happened in the Michigan Democratic Primary,2024-02-28,"President Biden handily won the primary, but tens of thousands in the swing state voted “uncommitted” over his support for Israel.",https://www.nytimes.com/video/us/politics/100000009333217/michigan-primary-election-2024.html,7318,0,
5400,A 30-Second Kennedy Ad Collides With a Decades-Long Family Legacy,2024-02-13,A Super Bowl commercial that echoed a 1960 campaign ad for John F. Kennedy deepens a growing estrangement between Robert F. Kennedy Jr. and much of his family.,https://www.nytimes.com/2024/02/13/us/politics/rfk-jr-super-bowl-ad-kennedy.html,5400,0,
8296,Why It Takes Longer for California to Count Ballots,2024-03-05,"A heavy reliance on mail-in ballots, and an extensive review process, can lead to a waiting game for results.",https://www.nytimes.com/2024/03/05/us/politics/california-super-tuesday.html,8296,0,
6523,A New Orleans Man Wants His Opossum Back. Thousands Have Joined His Plea.,2024-02-21,"The much-loved marsupial, Saffron, was known to frequent the French Quarter with his owner. A friend started a petition for the opossum’s return after state wildlife authorities seized him this month.",https://www.nytimes.com/2024/02/21/us/opossum-pet-louisiana-petition.html,6523,0,
5980,"Israel Was Behind Attacks on Major Gas Pipelines in Iran, Officials Say",2024-02-16,"The sabotage, which analysts said marked an escalation in the shadow war between Israel and Iran, caused sweeping disruption in several provinces.",https://www.nytimes.com/2024/02/16/world/middleeast/iran-israel-attacks-gas-pipelines.html,5980,1,
10427,"Inspired by Texas, Republicans in Other States Eye Immigration Bills",2024-03-20,"Iowa lawmakers passed a similar bill on Tuesday, and several other states are hoping to follow suit.",https://www.nytimes.com/2024/03/20/us/texas-immigration-republican-states.html,10427,0,
3523,U.N. Agency for Palestinians Imperiled by Terrorism Charges,2024-01-29,"Donors have pulled funds for the main aid agency in Gaza after allegations that some employees took part in the Oct. 7 attack, but it is not clear who would fill the vacuum if it ran out of money.",https://www.nytimes.com/2024/01/29/world/middleeast/unrwa-israel-gaza-terrorism.html,3523,1,
1739,Israeli Teenager Recounts Her Time as a Hostage in Gaza,2024-01-15,"Hila Rotem Shoshani, 13, is the youngest of the hostages freed from Gaza to speak out about the harsh conditions in which they were held.",https://www.nytimes.com/2024/01/16/world/middleeast/israel-hostage-hamas-gaza.html,1739,1,
4414,G.O.P. Backlash to Border Deal Reflects Vanishing Ground for a Compromise,2024-02-05,"Republicans demanded a border crackdown but have rejected a bipartisan plan to impose one, underscoring the intractable politics of the issue in an election year.",https://www.nytimes.com/2024/02/05/us/politics/republicans-border-deal.html,4414,0,
1410,Taiwan Goes to the Polls,2024-01-12,The election could reshape international affairs.,https://www.nytimes.com/2024/01/12/briefing/taiwan-election.html,1410,0,
1177,"‘I’m Not Going to Have Time for Retribution,’ Trump Says at Town Hall",2024-01-11,The town hall on Fox News was the former president’s counterprogramming as Nikki Haley and Ron DeSantis debated on CNN.,https://www.nytimes.com/2024/01/10/us/politics/trump-town-hall-fox.html,1177,0,
1467,"Man Killed Son in 1989, Then Staged Tearful TV Discovery, Officials Say",2024-01-12,"After a fresh investigation into the death of 5-year-old Justin Lee Turner, the South Carolina authorities have charged his father, Victor Lee Turner, and stepmother with murder.",https://www.nytimes.com/2024/01/12/us/justin-turner-killed-cold-case.html,1467,0,
9456,Thursday Briefing: U.S. Targets TikTok,2024-03-13,"Also, aid to northern Gaza and whimsical wooden automatons",https://www.nytimes.com/2024/03/13/world/asia/target-us-gaza-aid-asia.html,9456,0,
9427,Inside the Blunders That Plunged the College Admission Season Into Disarray,2024-03-13,"The Education Department was supposed to make applying for federal financial aid easier. Instead, it got worse.",https://www.nytimes.com/2024/03/13/us/politics/fafsa-college-admissions.html,9427,0,
2178,Friday Briefing: Pakistan Retaliates With Strikes in Iran,2024-01-18,"Also, corruption accusations in Singapore.",https://www.nytimes.com/2024/01/18/briefing/pakistan-iran.html,2178,1,
1961,Ann Arbor School Board Set to Vote on Israel-Gaza Ceasefire Resolution,2024-01-17,"The proposed resolution has divided the left-leaning Michigan college town, home to sizable Arab and Jewish populations.",https://www.nytimes.com/2024/01/17/us/ann-arbor-israel-gaza-ceasefire.html,1961,0,
3287,When Soccer’s Content Mine Loses Sight of Reality,2024-01-27,"As documentaries and series about teams proliferate, it’s easy to pine for the ones that offered the clearest windows into the game.",https://www.nytimes.com/2024/01/27/world/europe/liverpool-wrexham.html,3287,0,
3172,A Child of Another War Who Makes Music for Ukrainians,2024-01-26,"Mirza Ramic, a Bosnian who sought refuge in the United States, is bringing his electronic music to Ukraine, “to show my support in these hard times.”",https://www.nytimes.com/2024/01/26/world/europe/ukraine-music-mirza-ramic.html,3172,1,
11302,How Los Angeles Is Approaching Homelessness,2024-03-27,A conversation with the Times reporter who wrote about Mayor Karen Bass’s flagship program to solve homelessness.,https://www.nytimes.com/2024/03/27/us/los-angeles-homelessness.html,11302,0,
6630,San Diego Zoo Could Be First in U.S. to Get Pandas From China Again,2024-02-22,"China said it reached agreements with zoos to again send giant pandas to the United States and Europe, continuing a tradition of animal-based diplomacy.",https://www.nytimes.com/2024/02/22/us/san-diego-zoo-pandas-china.html,6630,0,
3757,News Outlet Blames Photoshop for Making Australian Lawmaker’s Photo More Revealing,2024-01-31,"9News apologized for the edited photo of the member of state Parliament, Georgie Purcell, which it said was a result of “automation by Photoshop.”",https://www.nytimes.com/2024/01/31/world/australia/australia-georgie-purcell-9news-photoshop.html,3757,0,
176,Court Rules Texas Can Ban Emergency Abortions Despite Federal Guidance,2024-01-03,The U.S. Court of Appeals for the Fifth Circuit affirmed a ruling that sided with the state on whether emergency rooms are required to perform emergency abortions.,https://www.nytimes.com/2024/01/02/us/texas-emergency-abortion-ban-appeal.html,176,0,
8629,"Sweden Enters NATO, a Blow to Moscow and a Boost to the Baltic Nations",2024-03-07,"With the addition of Sweden to NATO, President Vladimir V. Putin of Russia finds himself facing an enlarged and motivated alliance.",https://www.nytimes.com/2024/03/07/world/europe/sweden-nato-neutrality.html,8629,1,
3632,Video Shows Gunmen Storming West Bank Hospital,2024-01-30,The Palestinian Authority Health Ministry released surveillance video that shows armed members of Israeli forces dressed in civilian clothes inside Ibn Sina Specialized Hospital in Jenin.,https://www.nytimes.com/video/world/middleeast/100000009289125/israel-attack-west-bank-hospital.html,3632,1,
9149,Confronted by an Angry Moose? Here’s What to Do.,2024-03-11,"Moose are ordinarily docile animals. The chances of having to defend yourself against one in the wild are slim, but not zero.",https://www.nytimes.com/2024/03/11/us/moose-encounter-what-to-do.html,9149,0,
6250,The Wife of Haiti’s Assassinated President Is Accused in His Killing,2024-02-19,"Martine Moïse, the widow of President Jovenel Moïse, was charged by a Haitian judge with conspiring in his assassination. She was seriously injured in the attack.",https://www.nytimes.com/2024/02/19/world/americas/haiti-assassinated-president-wife-accused.html,6250,1,
1988,Princess of Wales to Be Hospitalized for 10 Days After Abdominal Surgery,2024-01-17,"Kensington Palace said Catherine, the wife of Prince William, would not return to public duties until after Easter. Separately, King Charles will receive prostate treatment next week.",https://www.nytimes.com/2024/01/17/world/europe/princess-kate-middleton-abdominal-surgery.html,1988,0,
5510,Imran Khan’s Opponents Reach Deal to Shut His Allies Out of Government,2024-02-14,"After days of wrangling, two parties run by political dynasties joined forces and will nominate Shehbaz Sharif to be Pakistan’s prime minister.",https://www.nytimes.com/2024/02/14/world/asia/pakistan-election-coalition-government.html,5510,0,
4710,Two Cases Aim to Cut Off China and Iran From U.S. Technology,2024-02-07,"In one case, material stolen from a private company would help the development of technology to track ballistic and hypersonic missiles, U.S. officials said.",https://www.nytimes.com/2024/02/07/us/politics/china-iran-arrests-export-controls.html,4710,0,
9878,"President Biden, You Have Leverage That Can Save Lives in Gaza. Please Use It.",2024-03-16,"While Biden is using tougher language toward Israel, he isn’t backing that up with consequences for being ignored.",https://www.nytimes.com/2024/03/16/opinion/biden-israel-gaza.html,9878,1,
9581,Investing in Caregivers and Nursing Homes,2024-03-14,Two readers call for more federal funding for care of the sick and the elderly. Also: Data on drivers; Covid lessons; diversity in college admissions.,https://www.nytimes.com/2024/03/14/opinion/family-caregivers-nursing-homes.html,9581,0,
2553,There Is Another Passenger on the Trump Train,2024-01-22,And it’s getting very crowded.,https://www.nytimes.com/2024/01/22/opinion/trump-biden-haley-presidential-election.html,2553,0,
4202,South Carolina Democratic Primary Results,2024-02-03,Get live election results and maps from the South Carolina Democratic primary.,https://www.nytimes.com/interactive/2024/02/03/us/elections/results-south-carolina-democratic-primary.html,4202,0,
6439,"Ameen Sayani, Pioneering Radio Star in India, Dies at 91",2024-02-21,"One of the first voices heard on the airwaves in Asia, he became recognized by generations of listeners in India over 42 years of broadcasting Bollywood music.",https://www.nytimes.com/2024/02/21/world/asia/ameen-sayani-dead.html,6439,0,
8088,The Trial of James Crumbley in the Oxford High Killings: What to Know,2024-03-05,The parents of a teenager who killed four students at a Michigan high school were charged with involuntary manslaughter. His mother was convicted. Now the father is standing trial.,https://www.nytimes.com/2024/03/05/us/james-crumbley-trial-oxford-shooting.html,8088,1,US
11191,An ‘Irish Heiress’ Conned Him. He Started a Podcast to Track Her Down.,2024-03-26,Marianne Smyth was convicted of grand theft after she claimed that her family had cut her out of an inheritance. She faces extradition to Northern Ireland on separate fraud and theft charges.,https://www.nytimes.com/2024/03/26/us/irish-heiress-marianne-smyth-con.html,11191,0,
35,"In Quake-Scarred Japan, 2011 Fukushima Disaster Still Looms Large",2024-01-01,"As another major quake struck Japan, the country was still reckoning with the nuclear crisis triggered by the 8.9-magnitude earthquake and a tsunami of 13 years ago.",https://www.nytimes.com/2024/01/01/world/asia/japan-fukushima-quake-tsunami.html,35,0,
5617,House Republican Majority Shrinks Again as Congress Faces Critical Issues,2024-02-14,"The victory of Tom Suozzi, a Democrat, in a special election in New York will chip away at the already thin Republican hold over the House.",https://www.nytimes.com/2024/02/14/us/politics/house-republicans-congress-suozzi.html,5617,0,
9537,Russia’s 2024 Presidential Vote: What to Know,2024-03-14,"The presidential vote in Russia begins on Friday and lasts through Sunday, and although it features the trappings of a horse race, it is more of a predetermined, Soviet-style referendum.",https://www.nytimes.com/2024/03/14/world/europe/russia-election-explained.html,9537,0,
1800,Why This Unlikely Washington Friendship Endures,2024-01-16,The surprising friendship that has made Donald Trump’s trade policies so durable.,https://www.nytimes.com/2024/01/16/opinion/trump-trade-nafta.html,1800,0,
11041,Ukrainians Dismiss Kremlin Suggestions Their Country Was Behind Moscow Attack,2024-03-25,Officials and ordinary citizens say Russia is blaming Ukraine in order to shore up support for its war in Ukraine and escalate the fighting there.,https://www.nytimes.com/2024/03/25/world/europe/moscow-terror-attack-ukraine.html,11041,1,
3826,"The Young Black Conservative Who Grew Up With, and Rejects, D.E.I.",2024-02-01,"Coleman Hughes wants a colorblind society. In his new book, he recounts how schools emphasized his racial identity — and other students’ white privilege.",https://www.nytimes.com/2024/02/01/us/coleman-hughes-black-conservative-colorblind.html,3826,0,
4285,Remnants of a Nuclear Missile Are Found in a Garage,2024-02-05,The police responded to a call from a U.S. Air Force museum that said a man had offered to donate a Cold War-era missile stored in his late neighbor’s garage.,https://www.nytimes.com/2024/02/04/us/seattle-nuclear-missile-garage.html,4285,0,
1013,Italian Town Hitches Its Wagon to Plants That Bloom (Even in Winter),2024-01-10,"Lakefront Verbania in Italy’s Piedmont seeks to attract flower lovers with its mild climate, spectacular gardens and wild nature.",https://www.nytimes.com/2024/01/10/world/europe/italy-verbania-tourism-flowers-camillias.html,1013,0,
5283,Nor’easter Expected to Bring New York City’s Heaviest Snow in Over 2 Years,2024-02-12,"A storm starting Monday night will bring heavy snow to parts of New Jersey, New York and Connecticut, forecasters said.",https://www.nytimes.com/2024/02/12/us/winter-storm-snow-rain-forecast-noreaster.html,5283,0,
2734,No Labels Sued by New York Donors Claiming ‘Bait and Switch’,2024-01-23,"Two members of the Durst real estate family are suing the centrist political group No Labels, saying its pursuit of a possible third-party presidential bid is a breach of contract.",https://www.nytimes.com/2024/01/23/us/politics/durst-no-labels-lawsuit-election-donors.html,2734,0,
10186,The Three Kinds of Biden Protest Voters,2024-03-19,"Despite cruising to the Democratic nomination, President Biden has faced a substantial protest vote in some primaries. The pattern can be broken into three categories.",https://www.nytimes.com/interactive/2024/03/19/us/elections/biden-uncommitted-vote-democrats.html,10186,0,
7670,"In a Land of Lavish Weddings, This Prenuptial Party Takes the Cake",2024-03-01,A three-day pre-wedding ceremony for the son of one of India’s richest men raises the bar for extravagant festivity.,https://www.nytimes.com/2024/03/01/world/asia/india-wedding-party-ambani.html,7670,0,
9147,Biden Calls for Higher Taxes on Corporations and the Wealthy,2024-03-11,"The budget, which would cut the deficit by $3 trillion over the next decade, reinforces Biden’s efforts to counter Republican tax proposals that Democrats deride as giveaways to the wealthy.",https://www.nytimes.com/2024/03/11/us/politics/biden-budget-tax-proposal.html,9147,0,
8162,Texas 18th Congressional District Primary Election Results,2024-03-05,Get live results and maps from the 2024 Texas primary election.,https://www.nytimes.com/interactive/2024/03/05/us/elections/results-texas-us-house-18-primary.html,8162,0,
4885,A Good Day for Trump and His Lawyers,2024-02-08,The Supreme Court justices expressed doubts about barring Trump.,https://www.nytimes.com/2024/02/08/us/politics/trump-ballot-colorado-immunity.html,4885,0,
184,Hamas blames Israel for the death of a senior official in Lebanon.,2024-01-03,"Israel and the surrounding region were on edge Wednesday, a day after the assassination of a top Hamas leader in Lebanon heightened worries that the war in Gaza could spill over into a broader conflict.",https://www.nytimes.com/2024/01/03/world/middleeast/hamas-blames-israel-for-the-death-of-a-senior-official-in-lebanon.html,184,1,
89,Death Toll Rises to at Least 55 After Powerful Earthquake in Japan,2024-01-02,The authorities continued to look for people buried in the rubble of collapsed and burned buildings in the coastal epicenter of the disaster.,https://www.nytimes.com/2024/01/02/world/asia/japan-earthquake.html,89,0,
5822,Warnings Over Israel’s Rafah Threat Come From All Corners,2024-02-15,Allies and others say the safety of the Palestinian civilians who have sought shelter in the far south of Gaza is paramount.,https://www.nytimes.com/2024/02/15/world/middleeast/rafah-israel-offensive.html,5822,1,
9664,Friday Briefing,2024-03-15,The Russian election.,https://www.nytimes.com/2024/03/15/briefing/russia-election-schumer-israel-netanyahu.html,9664,0,
3617,Monkey Eats From Bird Feeder After Escaping Scottish Wildlife Park,2024-01-30,A Japanese macaque was spotted in a man’s backyard after it escaped from Highland Wildlife Park in Scotland.,https://www.nytimes.com/video/world/europe/100000009288849/monkey-escapes-scottish-wildlife-park.html,3617,0,
3074,Drivers Navigate Flooded Louisiana Roads,2024-01-25,Parts of Louisiana and Texas faced significant flooding as heavy rain inundated the region.,https://www.nytimes.com/video/us/100000009282361/louisiana-flood.html,3074,0,
7073,Biden Will Make Rare Visit to Southern Border on Same Day as Trump,2024-02-26,"The president, trying to go on the offensive over immigration, is planning to travel to Texas on Thursday, when Donald J. Trump is also set to visit a border city.",https://www.nytimes.com/2024/02/26/us/politics/biden-trump-border.html,7073,0,
2703,"Stripped, Beaten or Vanished: Israel’s Treatment of Gaza Detainees Raises Alarm",2024-01-23,A U.N. office said Israel’s detention and treatment of detainees might amount to torture. It estimated thousands had been detained and held in “horrific” conditions. Some were freed wearing only diapers.,https://www.nytimes.com/2024/01/23/world/middleeast/israel-gaza-palestinian-detainees.html,2703,1,
3510,The Promises and Problems of Buying Local,2024-01-29,"There’s no right answer to whether buying local is better. It’s a matter, instead, of trade-offs.",https://www.nytimes.com/2024/01/29/opinion/buy-local-free-trade.html,3510,0,
9804,Judge Rules D.A. Can Stay on Trump Georgia Case With Ex-Boyfriend Stepping Down,2024-03-15,The highly anticipated ruling cut a middle path between removing Fani T. Willis for a conflict of interest and her full vindication.,https://www.nytimes.com/2024/03/15/us/fani-willis-trump-georgia-ruling.html,9804,0,
8015,Alabama Democrats Swarm to a Rare Chance to Increase Their Power,2024-03-04,"A court-mandated redistricting has made for a suddenly competitive congressional race in a ruby-red state, and Democrats have lined up to seize the opportunity.",https://www.nytimes.com/2024/03/04/us/politics/alabama-primary-second-congressional-district.html,8015,0,
4304,Monday Briefing,2024-02-05,The U.S. leads strikes in the Middle East.,https://www.nytimes.com/2024/02/05/briefing/houthi-yemen-chile-fire.html,4304,1,
7142,Instagram and Facebook Subscriptions Get New Scrutiny in Child Safety Suit,2024-02-27,New Mexico’s attorney general has accused Meta of not protecting children from sexual predators on its platforms. He now wants to know how it polices subscribers to accounts featuring children.,https://www.nytimes.com/2024/02/26/us/instagram-facebook-children-subscriptions-predators.html,7142,0,
10783,Here’s the latest on the attack in Russia.,2024-03-22,"Several gunmen opened fire at a popular concert venue on the outskirts of Moscow on Friday, killing at least 40 people and wounding more than 100, Russia’s top security agency said, according to state news agencies.",https://www.nytimes.com/2024/03/22/world/europe/heres-the-latest-on-the-attack-in-russia.html,10783,1,
4670,"A Legal Outsider, an Offbeat Theory and the Fate of the 2024 Election",2024-02-07,"When the Supreme Court considers whether Donald J. Trump is barred from appearing on Colorado’s ballot, a professor’s scholarship, long relegated to the fringes, will take center stage.",https://www.nytimes.com/2024/02/07/us/politics/tillman-constitution-trump-colorado-ballot.html,4670,0,
7378,Supreme Court Appears Split Over Ban on Bump Stocks Enacted Under Trump,2024-02-28,"In a wide-ranging argument, the justices wrestled with the mechanics of gun triggers and the larger implications of the ban both for bump stock owners and the public.",https://www.nytimes.com/2024/02/28/us/politics/bump-stock-ban-supreme-court-trump.html,7378,0,
3630,"Khaled Nezzar, General at Center of Algeria’s Bloodshed, Dies at 86",2024-01-30,"In the 1990s, he oversaw troops that committed a host of atrocities against equally brutal Islamist rebels in what became known as the Black Decade.",https://www.nytimes.com/2024/01/30/world/africa/khaled-nezzar-dead.html,3630,0,
6657,Biden Called Putin a ‘Crazy S.O.B.’ The Kremlin Called Biden a ‘Cowboy.’,2024-02-22,The comments were a blunt tit-for-tat between the two adversaries.,https://www.nytimes.com/2024/02/22/us/politics/biden-putin-crazy-sob.html,6657,0,
10235,Illinois 3rd Congressional District Primary Election Results,2024-03-19,Get live results and maps from the 2024 Illinois primary election.,https://www.nytimes.com/interactive/2024/03/19/us/elections/results-illinois-us-house-3-primary.html,10235,0,
1288,Electric Double-Decker Bus Catches Fire During London’s Morning Rush Hour,2024-01-11,"There were no injuries, and the London Fire Brigade said it would investigate the cause of the fire on the iconic red double-decker bus.",https://www.nytimes.com/2024/01/11/world/europe/london-wimbledon-bus-fire.html,1288,0,
5790,Where Did Our Strange Use of ‘Like’ Come From?,2024-02-15,A novel way to take the temperature down during conversation.,https://www.nytimes.com/2024/02/15/opinion/casual-speech-like.html,5790,0,
7411,Alabama Republicans Scramble in an Effort to Pass an I.V.F. Shield Law,2024-02-28,"The urgency underscores the bind for the party, which has long maintained that life begins at conception but must now reconcile that stance with broad support for I.V.F.",https://www.nytimes.com/2024/02/28/us/politics/alabama-ivf-protections-law.html,7411,0,
8952,‘People Are Hoping That Israel Nukes Us So We Get Rid of This Pain’,2024-03-09,A father’s desperate texts from Gaza offer a window into five months of suffering there.,https://www.nytimes.com/2024/03/09/opinion/gaza-israel-war.html,8952,1,
4110,Judge Scraps Trial Date for Trump Election Subversion Case,2024-02-02,"Judge Tanya Chutkan removed the planned March 4 start from her calendar, formalizing a delay that had become increasingly likely in recent weeks. It remains unclear when the trial might start.",https://www.nytimes.com/2024/02/02/us/politics/trump-trial-election-date-delay.html,4110,0,
8983,Trump Vilifies Migrants and Mocks Biden’s Stutter in Georgia Speech,2024-03-10,The former president also attacked Mr. Biden in harsh terms in a combative speech that signaled the beginning of the general election campaign.,https://www.nytimes.com/2024/03/10/us/politics/trump-biden-georgia-rally.html,8983,0,
1080,A Super PAC Forms to Support No Labels,2024-01-10,Officials with the group said they had $2 million in initial commitments but expect up to $300 million if there’s a “viable” ticket.,https://www.nytimes.com/2024/01/10/us/politics/super-pac-no-labels.html,1080,0,
5243,Biden and Jordan’s King Call on Israel to Protect Palestinians in Rafah,2024-02-12,"King Abdullah, who had his first face-to-face conversation with President Biden since the Gaza war began, said an Israeli invasion of the city was “certain to produce another humanitarian catastrophe.”",https://www.nytimes.com/2024/02/12/world/middleeast/biden-king-abdullah-jordan.html,5243,1,
5993,Trump Hit Where It Hurts Most,2024-02-16,The civil fraud ruling is a blow to the former president’s wallet and his image.,https://www.nytimes.com/2024/02/16/us/politics/trump-trial-fraud-ruling.html,5993,0,
10227,Illinois 12th Congressional District Primary Election Results,2024-03-19,Get live results and maps from the 2024 Illinois primary election.,https://www.nytimes.com/interactive/2024/03/19/us/elections/results-illinois-us-house-12-primary.html,10227,0,
7274,Police Officer Charged With Murdering Two Men in Australia,2024-02-27,"The officer, Beaumont Lamarre-Condon, was charged Friday with killing Jesse Baird, 26, and Luke Davies, 29, who had been missing for more than a week and whose bodies were found on Tuesday.",https://www.nytimes.com/2024/02/27/world/australia/sydney-bodies-found-police-murder.html,7274,0,
10415,"U.S. Debt Races Toward Record This Decade, C.B.O. Warns",2024-03-20,Recently passed spending limits have slightly improved the nation’s fiscal outlook.,https://www.nytimes.com/2024/03/20/us/politics/debt-taxes-budget.html,10415,0,
4478,What to Watch in Nevada’s Weird Election Week,2024-02-06,"Tuesday’s primaries feature President Biden with token opposition, while Nikki Haley is aiming not to lose to “none of these candidates.” G.O.P. caucuses, engineered for Donald Trump, are on Thursday.",https://www.nytimes.com/2024/02/06/us/politics/nevada-republican-primary-caucus-trump-haley.html,4478,0,
180,Trump Makes Another Pitch to Appeals Court on Immunity in Election Case,2024-01-03,The filing was the last step before an appeals court in Washington will hold a hearing on the crucial issue next week.,https://www.nytimes.com/2024/01/02/us/politics/trump-appeals-court-immunity.html,180,0,
10709,Why Control of the Senate Hinges on Don Jr.’s Hunting Buddy,2024-03-22,Senate Republicans may win back the chamber in November because they finally learned some lessons from election losses.,https://www.nytimes.com/2024/03/22/opinion/senate-republicans-trump.html,10709,0,
1224,‘Frozen Garlic!’ Taiwan Likes Its Democracy Loud and Proud,2024-01-11,"At the island’s election rallies, warming up the crowd for candidates is crucial. “You have to light a fire in their hearts,” one host says.",https://www.nytimes.com/2024/01/11/world/asia/taiwan-election-democracy-loud.html,1224,0,
10594,Johnson Says He Will Invite Netanyahu to Address Congress,2024-03-21,"Senator Chuck Schumer, the majority leader, also said he would support having a speech delivered “to Congress in a bipartisan way.”",https://www.nytimes.com/2024/03/21/world/middleeast/johnson-netanyahu-schumer.html,10594,0,
5403,Trump Is Losing It,2024-02-13,"Unfortunately for Biden, the former president benefits from something akin to the soft bigotry of low expectations.",https://www.nytimes.com/2024/02/13/opinion/trump-campaign-biden-aging.html,5403,0,
8821,Pentagon Review Finds No Evidence of Alien Cover-Up,2024-03-08,But the new report suggests that the public’s belief that the government is hiding what it knows will probably continue.,https://www.nytimes.com/2024/03/08/us/politics/pentagon-ufo-alien-review.html,8821,0,
509,Beyond the Front Lines,2024-01-05,The war in Ukraine has entered a new phase.,https://www.nytimes.com/2024/01/05/briefing/ukraine-russia-war-new-phase.html,509,1,
11605,"As Bridge Cleanup Gets Underway, Officials Warn of ‘Daunting’ Process",2024-03-29,"Clearing the debris from the collapsed Francis Scott Key Bridge will be a complex but urgent task, officials said. And rebuilding it may take several years, they cautioned.",https://www.nytimes.com/2024/03/29/us/baltimore-francis-scott-key-bridge.html,11605,0,
9784,"Who Is Ashleigh Merchant, the Lawyer Who Led the Effort to Oust Fani Willis?",2024-03-15,Her revelation of a romantic relationship between the lead prosecutors in the Trump case threw the proceedings into turmoil.,https://www.nytimes.com/2024/03/15/us/elections/ashleigh-merchant-fani-willis.html,9784,0,
6392,The Two-Decade Fight for Two Letters on the Internet,2024-02-21,"The South Pacific island of Niue says it was cheated out of .nu, a domain that turned out to be very lucrative on the other side of the world.",https://www.nytimes.com/2024/02/21/world/asia/niue-nu-domain-sweden.html,6392,0,
1618,Dangerous Subzero Wind Chills Blanket Much of the U.S.,2024-01-14,More than 100 million people were under a wind chill warning or advisory on Sunday as an “Arctic blast” blanketed the country. Two people were killed in Oregon after trees fell on their homes.,https://www.nytimes.com/2024/01/14/us/cold-snow-blizzards-weather.html,1618,0,
2093,When Public Health Loses the Public,2024-01-18,What role may public health officials have played in fostering public distrust of them?,https://www.nytimes.com/2024/01/18/opinion/public-health-trust.html,2093,0,
7697,A Protest Against Biden Over the Gaza War,2024-03-01,"Readers discuss Arab American criticism of the president, reflected in the Michigan primary. Also: Politicians’ visits to the border; congressional gridlock.",https://www.nytimes.com/2024/03/01/opinion/joe-biden-gaza-protest.html,7697,1,
3557,Letter to San Zaw Htway,2024-01-30,"After the 2021 military coup in Myanmar, loved ones of the deceased artist and political prisoner San Zaw Htway wrote him letters as an act of remembrance and hope.",https://www.nytimes.com/video/opinion/100000009269993/letter-to-san-zaw-htway.html,3557,1,
5609,Sarkozy’s Prison Sentence Halved to 6 Months,2024-02-14,"Former President Nicolas Sarkozy of France saw an appeals court uphold his conviction for illegally financing an election campaign, but he received a lighter sentence.",https://www.nytimes.com/2024/02/14/world/europe/nicolas-sarkozy-verdict.html,5609,0,
2819,Wednesday Briefing,2024-01-24,Here’s what you need to know.,https://www.nytimes.com/2024/01/24/briefing/buffer-zone-israel-nato-sweden.html,2819,0,
4527,"The Trump Election Immunity Ruling, Annotated",2024-02-06,"A three-judge appeals court panel rejected former President Donald J. Trump’s claim that he was immune to criminal charges. Read its decision, with Times analysis.",https://www.nytimes.com/interactive/2024/02/06/us/politics/trump-immunity-ruling-2020-election.html,4527,0,
5220,Boy Is Critically Wounded in Shooting at Houston Church Led by Joel Osteen,2024-02-11,"A woman entered the Lakewood Church, a megachurch in Houston, with a rifle and opened fire, officials said. Off-duty officers shot and killed her.",https://www.nytimes.com/2024/02/11/us/shooting-houston-osteen-lakewood-church.html,5220,0,
4328,"​This Florida Mall Has Gucci, Prada … and Soon, Affordable Housing?",2024-02-05,"A​ new law​ lets developers bypass local zoning rules if they promise “work force housing.”​ ​I​t has stirred an uproar around the state, most recently in affluent Bal Harbour​.",https://www.nytimes.com/2024/02/05/us/florida-affordable-housing-bal-harbour.html,4328,0,
6092,U.S. Fears Russia Might Put a Nuclear Weapon in Space,2024-02-17,"American spy agencies are divided on whether Moscow would go so far, but the concern is urgent enough that Secretary of State Antony J. Blinken has asked China and India to try to talk Russia down.",https://www.nytimes.com/2024/02/17/us/politics/russia-nuclear-weapon-space.html,6092,0,
1495,Court Papers Offer Glimpse of Trump’s Defense in Classified Documents Case,2024-01-12,The former president’s lawyers may question whether the documents he took from the White House were related to national defense and whether the country’s security was damaged.,https://www.nytimes.com/2024/01/12/us/politics/trump-defense-classified-documents.html,1495,0,
11222,Birmingham-Southern College to Close After Failing to Secure State Loan,2024-03-26,"After decades of financial mismanagement, the nearly 170-year-old private liberal arts school is set to close at the end of May.",https://www.nytimes.com/2024/03/26/us/birmingham-southern-college-closing.html,11222,0,
1482,"Manchin, ‘Not Here Campaigning,’ Stirs 2024 Chatter in New Hampshire",2024-01-12,"The attention-seeking West Virginia senator, who has teased a late third-party presidential bid, tried to keep up the suspense at a Friday appearance in the state.",https://www.nytimes.com/2024/01/12/us/politics/new-hampshire-joe-manchin.html,1482,0,
9021,"If There’s One Thing Trump Is Right About, It’s Republicans",2024-03-10,"For the thousandth time, the G.O.P. refused an off-ramp that would free itself from him.",https://www.nytimes.com/2024/03/10/opinion/trump-republicans-mcconnell-2024.html,9021,0,
1902,The Genocide Charge Against Israel Is a Moral Obscenity,2024-01-17,"In a war, the killing ends when one side stops fighting. In a genocide, that’s when the killing begins.",https://www.nytimes.com/2024/01/16/opinion/israel-hamas-war-genocide.html,1902,1,
6540,"DeSantis, in Private Call, Sounds Off on Trump and Conservative News Media",2024-02-22,"Speaking with supporters in a call on Wednesday, Gov. Ron DeSantis of Florida said he would not be Donald J. Trump’s vice president.",https://www.nytimes.com/2024/02/21/us/politics/desantis-trump-conservative-media.html,6540,0,
88,"In 2024, Expect New Debates on A.I., Gender and Guns",2024-01-02,Some of the most contentious issues in the country will dominate the agendas of state legislatures returning to work in the coming days and weeks.,https://www.nytimes.com/2024/01/02/us/state-legislatures-2024.html,88,0,
9446,"Hunter Biden Refuses to Testify Publicly, Calling G.O.P. Inquiry a ‘Circus’",2024-03-13,"In a letter, a lawyer for the president’s son cited a scheduling conflict and denounced the Republican impeachment inquiry as a “carnival side show.”",https://www.nytimes.com/2024/03/13/us/politics/hunter-biden-testify.html,9446,0,