,nyt_title,nyt_date,poli_con_class,nyt_url,nyt_abstract,news_index
1,"Peter Magubane, 91, Who Fought Apartheid With His Camera, Is Dead",2024-01-01,0,https://www.nytimes.com/2024/01/01/world/africa/peter-magubane-dead.html,"He documented the cruelties of white South African rule, and he was made to pay for it, enduring beatings and 586 consecutive days in solitary confinement.",68
5,Knife Attack on Opposition Leader Raises Alarms in Polarized South Korea,2024-01-03,1,https://www.nytimes.com/2024/01/03/world/asia/south-korea-opposition-leader-stabbing.html,"The attack on Lee Jae-myung, who narrowly lost the 2022 presidential vote, came amid a deepening political divide and increasingly extreme discourse in South Korea.",220
11,Ukraine’s Patriot Defenses at Work: Shuddering Booms and Bursts of Light,2024-01-06,1,https://www.nytimes.com/2024/01/06/world/europe/ukraine-patriots-us.html,"The American-provided air-defense systems have helped Ukraine defend itself against Russian assaults, but Washington has warned that it will not be able to keep them supplied for much longer.",627
13,"With Shutdown Looming, House and Senate Leaders Agree on Spending Levels",2024-01-07,0,https://www.nytimes.com/2024/01/07/us/congress-spending-deal-shutdown.html,"Despite the deal, time is short to assemble and pass legislation putting the agreement in force before a Jan. 19 deadline.",722
14,"As the College Sports Model Teeters, Champion Michigan Works to Balance",2024-01-08,0,https://www.nytimes.com/2024/01/08/us/national-championship-football-michigan-washington.html,The Wolverines beat the Washington Huskies 34-13 Monday night to win the College Football Playoff National Championship.,777
17,"Exhausted, on the Defensive and at ‘Hell’s Gate’ in Ukraine",2024-01-08,1,https://www.nytimes.com/2024/01/08/world/europe/ukraine-troops-exhausted-defensive.html,"The country’s forces along a broad stretch of the front say that, with Russia pushing forward, the war has never been so dangerous.",794
18,Trump’s Lawyers Say He Should Be Immune From Prosecution in Georgia Case,2024-01-08,0,https://www.nytimes.com/2024/01/08/us/trump-georgia-election-case-immunity.html,The motion echoes an argument that former President Donald J. Trump is making in a separate federal criminal case against him.,818
19,What if Joe Biden Is Actually Right About 2024?,2024-01-08,0,https://www.nytimes.com/2024/01/08/opinion/editorials/joe-biden-donald-trump-2024.html,The president performed a public service by forthrightly stating what could happen to the country and its democracy if Trump wins again.,826
20,Chairman of Florida Republican Party Is Ousted Amid Scandal,2024-01-08,0,https://www.nytimes.com/2024/01/08/us/christian-ziegler-florida-republican.html,"Gov. Ron DeSantis and Senator Rick Scott had called for the resignation of the chairman, Christian Ziegler, who is being investigated for sexual assault.",838
22,Brutal Cold Expected for Kansas City’s Playoff Game,2024-01-09,0,https://www.nytimes.com/2024/01/09/us/kansas-city-playoff-cold.html,"The temperature on Saturday evening, when the team will play the Miami Dolphins, will be around minus 3 degrees.",951
27,How to Watch Trump’s Town Hall on Fox News,2024-01-10,0,https://www.nytimes.com/2024/01/10/us/politics/trump-town-hall-iowa-watch.html,Fox News will host the event from Iowa starting at 9 p.m. Eastern time tonight.,1081
28,Severe Storms Rip Roofs Off of Homes in the Southeast,2024-01-10,0,https://www.nytimes.com/video/us/100000009258589/storm-south-tornadoes.html,Strong winds and likely tornadoes destroyed several buildings in the Southeast.,1089
30,The Scariest Part About the Boeing 737 Max 9 Blowout,2024-01-10,0,https://www.nytimes.com/2024/01/10/opinion/boeing-737-max-alaska-japan-airlines.html,What I heard wasn’t necessarily reassuring.,1138
33,Right Wing Pressures Johnson to Abandon Spending Deal to Avert Shutdown,2024-01-11,0,https://www.nytimes.com/2024/01/11/us/politics/spending-deal-government-shutdown.html,Speaker Mike Johnson said he was talking with his ultraconservative colleagues about walking away from the agreement he struck with Democrats but had “made no commitments.”,1300
34,‘Nowhere Is Safe in Gaza’: South Africa Accuses Israel of Genocide,2024-01-11,1,https://www.nytimes.com/video/world/middleeast/100000009261764/israel-south-africa-gaza-genocide.html,South Africa began laying out its case that Israel is acting with “genocidal intent” in Gaza to the International Court of Justice in The Hague.,1313
35,Atlanta Prosecutor Faces Upheaval in Trump Inquiry,2024-01-12,0,https://www.nytimes.com/2024/01/11/us/fani-willis-trump-georgia-case.html,Accusations involving her relationship with the lead prosecutor she hired are seen as unlikely to derail the case but could cause serious distractions.,1337
37,"Oregon Supreme Court Lets Trump Stay on Primary Ballot, for Now",2024-01-12,0,https://www.nytimes.com/2024/01/12/us/oregon-trump-ballot.html,"The court denied a challenge to former President Donald J. Trump’s ballot eligibility under the 14th Amendment, saying it would wait for the U.S. Supreme Court to rule in a similar case.",1460
40,"New Leader Set to Take Over in Guatemala, Raising Hopes for a Fragile Democracy",2024-01-14,0,https://www.nytimes.com/2024/01/14/us/guatemala-president-inauguration-democracy.html,"Bernardo Arévalo, an anticorruption crusader, had to fight to make it to Sunday’s inauguration. His challenges are just beginning.",1615
43,"They Thought They Knew Death, but That Didn’t Prepare Them for Oct. 7",2024-01-15,1,https://www.nytimes.com/2024/01/15/world/middleeast/zaka-israel-oct-7.html,"Volunteers with ZAKA, an Israeli group that recovers dead bodies, were among the first to reach the victims of the Hamas-led attacks. The trauma of what they witnessed may last a lifetime.",1684
46,My Iowa: Covering the Caucuses as a Native or a Newcomer,2024-01-15,0,https://www.nytimes.com/2024/01/15/us/politics/iowa-reporters.html,One of our reporters grew up in Iowa City and was inspired to become a journalist after witnessing the caucuses in action. Another touched down here for the first time two months ago. They compared notes.,1748
47,"Houthis, Undeterred by Strikes, Target More Ships in Red Sea",2024-01-16,1,https://www.nytimes.com/2024/01/15/world/middleeast/houthis-ships-red-sea.html,The Iranian-backed militants launched a fresh round of attacks days after their military sites were hit by U.S. and British forces.,1753
55,"Iran’s New Missile Fleet: Part Deterrent, Part Sales Pitch",2024-01-18,1,https://www.nytimes.com/2024/01/18/world/middleeast/iran-missile-program.html,"Last year, the world discovered that Iran’s drones were becoming world-class threats and a favorite of the Russians. Now, its revived missile fleet is drawing attention, too.",2109
56,Friday Briefing: Pakistan Retaliates With Strikes in Iran,2024-01-18,1,https://www.nytimes.com/2024/01/18/briefing/pakistan-iran.html,"Also, corruption accusations in Singapore.",2178
61,Divisions Emerging in Israel Over Gaza War,2024-01-19,1,https://www.nytimes.com/2024/01/19/us/divisions-israel-gaza-netanyahu-hostages.html,"Protesters demanded action to free hostages, a war cabinet minister criticized the military campaign and the Israeli prime minister publicly ruled out a two-state solution, rebuffing the U.S.",2353
62,"As Missiles Strike, a Radio Station Broadcasts the Rage of a Battered City",2024-01-20,1,https://www.nytimes.com/2024/01/20/world/europe/kharkiv-ukraine-russia-radio-station.html,"Kharkiv, in northern Ukraine, is under almost daily bombardment. Radio Boiling Over serves as a megaphone for residents’ fears and frustrations.",2400
63,Attacks in Syria and Iraq Ratchet Tensions in a Region Already on Edge,2024-01-20,1,https://www.nytimes.com/2024/01/20/world/middleeast/israel-attack-syria-iran.html,A senior Iranian intelligence official was killed in an Israeli strike in Damascus as U.S. troops came under attack in Iraq.,2438
66,Fierce Storm Sends Flights Bound for One Country to Another,2024-01-22,0,https://www.nytimes.com/2024/01/22/world/europe/storm-isha-flight-delays-britain.html,Ferocious winds forced pilots to abort landings and divert passengers hundreds of miles from their original destinations.,2619
68,Swatting and the Dangerous Rise of Political Violence,2024-01-23,0,https://www.nytimes.com/2024/01/23/opinion/swatting-political-violence.html,Swatting isn’t a harmless prank; it’s a sign of a deeper disorder in American politics.,2682
69,No Labels Sued by New York Donors Claiming ‘Bait and Switch’,2024-01-23,0,https://www.nytimes.com/2024/01/23/us/politics/durst-no-labels-lawsuit-election-donors.html,"Two members of the Durst real estate family are suing the centrist political group No Labels, saying its pursuit of a possible third-party presidential bid is a breach of contract.",2734
71,"Biden, Brushing Off Gaza Protesters at Rally, Calls for Restoring Abortion Rights",2024-01-24,0,https://www.nytimes.com/2024/01/23/us/politics/biden-abortion-gaza-protesters.html,"The event was interrupted by at least 10 people protesting the war in Gaza, but the president focused on calling attention to restrictive abortion laws.",2797
72,5 Takeaways From the New Hampshire Primary,2024-01-24,0,https://www.nytimes.com/2024/01/23/us/politics/new-hampshire-takeaways-trump-haley.html,"Donald Trump made history with a second straight victory, as Nikki Haley and her supporters look increasingly adrift in his Republican Party.",2815
74,Bounty Hunter Sentenced to 10 Years in Prison for Kidnapping Woman,2024-01-24,0,https://www.nytimes.com/2024/01/24/us/bounty-hunter-kidnapping-sentencing.html,"Prosecutors said Wayne D. Lozier Jr., 45, of Louisiana, traveled to Missouri to apprehend a woman for a bail bond company that had hired him. But he wasn’t properly licensed in Missouri, the authorities said.",2936
77,"Yellen, Criticizing Trump, Says Biden’s Economy Has Delivered Gains",2024-01-25,0,https://www.nytimes.com/2024/01/25/us/politics/yellen-criticizing-trump-says-bidens-economy-has-delivered-gains.html,"The Treasury Secretary acknowledged that consumer prices, which have weighed on economic sentiment, continue to be too high.",3075
79,"The 100-Year Extinction Panic Is Back, Right on Schedule",2024-01-26,0,https://www.nytimes.com/2024/01/26/opinion/polycrisis-doom-extinction-humanity.html,The end is near. Again.,3159
83,Genocide Ruling Has Deep Symbolism but Little Immediate Effect,2024-01-26,1,https://www.nytimes.com/2024/01/26/world/middleeast/icj-genocide-ruling-israel-gaza.html,The decision by the World Court did not order Israel to cease its war against Hamas in Gaza. But the court made a move imbued with historical meaning.,3225
84,Haley Assails Trump as ‘Unhinged’ and Dismisses Calls to Exit the Race,2024-01-26,0,https://www.nytimes.com/2024/01/26/us/politics/nikki-haley-trump-unhinged.html,Nikki Haley attacked the Republican front-runner during an appearance Friday on Fox News.,3234
86,"To Fix Its Airlines, Does the U.S. Need to Rethink Regulation?",2024-01-26,0,https://www.nytimes.com/2024/01/26/opinion/airlines-tickets-regulation-deregulation.html,"Deregulation has succeeded in some ways, but consumer dissatisfaction abounds.",3244
90,"If We Want to Live in a World With Rules, They Have to Apply to Israel, Too",2024-01-28,1,https://www.nytimes.com/2024/01/28/opinion/israel-genocide-south-africa.html,"Whatever the eventual outcome of the genocide case, it sets up an epic battle over the meaning and values of the so-called rules-based order.",3386
93,African National Congress Suspends Former President Jacob Zuma,2024-01-29,0,https://www.nytimes.com/2024/01/29/world/africa/south-africa-jacob-zuma-anc.html,"After defending the former South African president and party leader during a slew of corruption scandals, the country’s powerful governing party punished him for endorsing the opposition.",3484
94,Defense Department Identifies 3 Soldiers Killed at Base in Jordan,2024-01-29,1,https://www.nytimes.com/2024/01/29/us/us-soldiers-killed-jordan.html,"Officials said the dead were three Army Reserve soldiers from Georgia, part of an engineering company trained for deployment at short notice.",3527
96,Memphis Releases New Footage From Night of Tyre Nichols’s Fatal Beating,2024-01-30,0,https://www.nytimes.com/2024/01/30/us/tyre-nichols-footage-police-memphis.html,"The additional 21 hours of recordings offer a fuller picture of what happened after the traffic stop, but they do not show what led to it.",3685
99,Two Big Storms Are Coming to California,2024-01-31,0,https://www.nytimes.com/2024/01/31/us/california-storms-atmospheric-river.html,"The atmospheric rivers could lead to flooding, mudslides and road closures over the next week.",3761
101,"Atmospheric River Drenches California, With More Storms on the Way",2024-02-01,0,https://www.nytimes.com/2024/02/01/us/california-storm-atmospheric-river.html,"The state’s latest powerful storm has downed trees and flooded some roads, but has not yet caused the scale of disruption seen last winter.",3920
105,How Closely Does Iran Control Its Proxy Forces? It Depends.,2024-02-02,1,https://www.nytimes.com/2024/02/02/world/middleeast/iran-militias-israel.html,"Tehran provides arms and support to an array of militant groups across the Mideast, but it does not call all the shots, experts say.",4067
106,Prosecutors in Documents Case Reject Trump’s Claims of Bias,2024-02-02,0,https://www.nytimes.com/2024/02/02/us/politics/trump-documents-case-intelligence-agencies.html,"The office of the special counsel, Jack Smith, pushed back on the former president’s assertions that his prosecution was motivated by animosity toward him in intelligence agencies.",4131
107,Biden Finds Support but Also Protests in Michigan,2024-02-03,0,https://www.nytimes.com/2024/02/02/us/politics/biden-michigan-support-protests.html,The president’s Michigan trip underscored the fresh challenges he faces this year.,4137
109,U.S. Strikes Iranian-Backed Targets for Third Day in a Row,2024-02-04,1,https://www.nytimes.com/2024/02/04/world/middleeast/us-mideast-strikes-blinken.html,The attack on Houthi militants in Yemen came as Secretary of State Antony Blinken headed for the Mideast to try to defuse escalating tensions.,4279
111,"California Power Outages Affect More Than 850,000 Customers",2024-02-05,0,https://www.nytimes.com/2024/02/04/us/california-power-outages-storm-wind.html,Utility providers were uncertain when the lights would come back on as outages were reported from Sacramento to just north of Los Angeles.,4291
112,Here Is How Much Rain Has Fallen in Los Angeles,2024-02-05,0,https://www.nytimes.com/2024/02/05/us/los-angeles-rainfall-total.html,"The rainfall was expected to last well into Monday, with the total in some parts of Los Angeles meeting or exceeding the average rainfall for February.",4315
113,Severe Weather Disrupts Travel in China Ahead of Lunar New Year,2024-02-05,0,https://www.nytimes.com/2024/02/05/world/asia/china-travel-weather-lunar-new-year.html,"Hundreds of flights and trains have been canceled as China’s most important holiday approaches, and more bad weather is in the forecast.",4316
114,Blinken’s Mideast visit and U.S. aid to Israel are the focus in Washington this week.,2024-02-05,1,https://www.nytimes.com/2024/02/05/world/middleeast/blinkens-mideast-visit-and-us-aid-to-israel-are-the-focus-in-washington-this-week.html,A trip back to the Middle East by the United States’ top diplomat to continue talks on a possible cease-fire deal highlights a week of high-level wrangling over the war in Gaza and beyond.,4317
115,"​This Florida Mall Has Gucci, Prada … and Soon, Affordable Housing?",2024-02-05,0,https://www.nytimes.com/2024/02/05/us/florida-affordable-housing-bal-harbour.html,"A​ new law​ lets developers bypass local zoning rules if they promise “work force housing.”​ ​I​t has stirred an uproar around the state, most recently in affluent Bal Harbour​.",4328
119,What Israeli Soldiers’ Videos Reveal: Cheering Destruction and Mocking Gazans,2024-02-06,1,https://www.nytimes.com/2024/02/06/world/middleeast/israel-idf-soldiers-war-social-media-video.html,An analysis of social media videos found Israeli soldiers filming themselves in Gaza and destroying what appears to be civilian property. The footage provides a rare and unsanctioned window into the war.,4459
125,Deportation Flights From the U.S. to Venezuela in Limbo,2024-02-07,0,https://www.nytimes.com/2024/02/07/world/americas/migrant-crisis-deport-venezuela-flights.html,Flights sending Venezuelans back to their homeland have not taken off for two weeks. The move could be a setback to President Biden’s effort to tackle a migration surge.,4716
126,"Johnson Stumbles, Deepening Republican Disarray and His Own Challenges",2024-02-07,0,https://www.nytimes.com/2024/02/07/us/politics/johnson-impeachment-israel-aid.html,"Little more than 100 days into his tenure, the speaker who was handed an impossible job has only made it more difficult for himself, baffling his colleagues.",4722
127,The Political Perils of a Black-Jewish Rift Over the War in Gaza,2024-02-08,1,https://www.nytimes.com/2024/02/07/opinion/black-jewish-israel-gaza.html,A divide bodes ill for Democrats and perhaps even for Palestinians.,4726
129,"Talk to Us, President Biden, but Not About Trump",2024-02-08,0,https://www.nytimes.com/2024/02/08/opinion/biden-trump-super-bowl.html,Focus on your record and plans. Let him rant and rage.,4846
131,Attorney General’s Letter to Congress on the Hur Report,2024-02-08,0,https://www.nytimes.com/interactive/2024/02/08/us/Garland-letter-congress-hur-report.html,"Attorney Merrick B. Garland notified Congress of the closure of the investigation of President Biden by Robert K. Hur, the special counsel.",4888
132,"Trump, Putin, Carlson and the Shifting Sands of Today’s American Politics",2024-02-08,1,https://www.nytimes.com/2024/02/08/us/politics/trump-putin-carlson-shifting-american-politics.html,An interview with Russia’s leader and congressional resistance to aid for Ukraine underscore the transformation of the parties and electorate in the United States more than three decades after the Cold War.,4889
138,"Welcome to Japan, Taylor Swift Fans. Please Remain Seated as You Cheer.",2024-02-09,0,https://www.nytimes.com/2024/02/09/world/asia/taylor-swift-tokyo-japan.html,Some Japanese spectators are grumbling that foreign concertgoers visiting Tokyo don’t share their rather restrained local approach to taking in a show.,4991
143,China Welcomes a Chilly Year of the Dragon,2024-02-10,0,https://www.nytimes.com/interactive/2024/02/10/world/asia/china-lunar-new-year.html,The Lunar New Year begins on Saturday. Here is how the holiday is going in China.,5154
144,Monday Briefing: Pakistan’s Stunning Election Results,2024-02-11,0,https://www.nytimes.com/2024/02/11/world/asia/pakistan-election-khan-trump-ukraine-asia.html,"Also, Donald Trump derides NATO and the U.S. prepares to watch the Super Bowl.",5217
145,Why I Am Now Deeply Worried for America,2024-02-12,0,https://www.nytimes.com/2024/02/12/opinion/biden-trump-america.html,The frenzy over President Biden’s age is a very bad sign.,5315
150,"Two Students, Two Views, One Campus Conflict in the Midwest",2024-02-13,0,https://www.nytimes.com/2024/02/13/us/umich-palestinian-zionist.html,"At the University of Michigan, a Palestinian activist and a self-described Zionist counterprotester have little in common, except the way they were shaped by life on campus.",5464
151,"Larry Taylor, Vietnam War Pilot Lauded for Daring Rescue, Dies at 81",2024-02-13,0,https://www.nytimes.com/2024/02/13/us/larry-taylor-dead.html,His evacuation of four besieged U.S. Army Rangers was belatedly recognized last September with the Medal of Honor.,5488
155,Takeaways From the Hearing in the Georgia Trump Case,2024-02-15,0,https://www.nytimes.com/2024/02/15/us/politics/trump-georgia-fani-willis-hearing.html,"Fani T. Willis, the district attorney, defended her personal conduct in a tense courtroom appearance as defense lawyers sought to disqualify her from the prosecution of Donald J. Trump and his allies in Georgia.",5731
156,"In Trump Case, Thorny Conflict of Interest Question Looms",2024-02-15,0,https://www.nytimes.com/2024/02/15/us/politics/conflict-of-interest-trump-georgia.html,Defense lawyers argue that the romantic relationship between top prosecutors in the Trump election interference case in Georgia merits disqualification.,5740
158,Trump’s First Criminal Trial Date Was Set for Next Month,2024-02-15,0,https://www.nytimes.com/2024/02/15/briefing/trump-trial-date-white-house-doj-letters.html,"Also, a Columbia surgeon published flawed studies. Here’s the latest at the end of Thursday.",5815
159,Architect Embraces Indigenous Worldview in Australian Designs,2024-02-16,0,https://www.nytimes.com/2024/02/16/world/australia/jefa-greenaway-indigenous-architecture.html,"Jefa Greenaway is a leading proponent of “Country-centered design,” which calls for collaboration with Indigenous communities and puts sustainability concerns at a project’s core.",5869
160,"Kylian Mbappé, P.S.G. and the Dangers of a Loveless Marriage",2024-02-16,0,https://www.nytimes.com/2024/02/16/world/europe/kylian-mbappe-real-madrid.html,The relationship between a superstar and his hometown club has always felt transactional. Did either side get what they wanted?,5930
166,South Africa Says Palestinians Are Enduring ‘Extreme Form of Apartheid’,2024-02-20,1,https://www.nytimes.com/2024/02/20/world/middleeast/icj-south-africa-palestinian-israel-un-court.html,"The hearings, which focus on Israel’s occupation of the West Bank and East Jerusalem, make up one of the two matters regarding Israel currently before the International Court of Justice.",6312
167,"Ameen Sayani, Pioneering Radio Star in India, Dies at 91",2024-02-21,0,https://www.nytimes.com/2024/02/21/world/asia/ameen-sayani-dead.html,"One of the first voices heard on the airwaves in Asia, he became recognized by generations of listeners in India over 42 years of broadcasting Bollywood music.",6439
168,Rethinking How We Fund the Arts in America,2024-02-21,0,https://www.nytimes.com/2024/02/21/opinion/arts-funding.html,Responses to an essay that suggested treating cultural spaces like infrastructure. Also: U.S. Steel; immigration; a no-victims defense; a shadow government.,6469
175,Ukraine’s Deepening Fog of War,2024-02-24,1,https://www.nytimes.com/2024/02/24/world/europe/ukraine-russia-war.html,"Two years after Russia’s full-scale invasion, Ukrainian leaders are seeking a path forward in the face of ferocious assaults and daunting unknowns.",6905
177,Man Convicted in Transgender Woman’s Killing in First Federal Trial of Its Kind,2024-02-24,0,https://www.nytimes.com/2024/02/24/us/dime-doe-hate-crime-transgender-murder.html,"Prosecutors said the man was upset that word about his sexual relationship with the victim, Dime Doe, was circulating in a South Carolina town.",6931
178,"After South Carolina, Trump’s March to the Nomination Quickens",2024-02-25,0,https://www.nytimes.com/2024/02/25/us/politics/trump-south-carolina-analysis.html,"The former president shows no sign of being shaken from his controlling position in the G.O.P. — not in 2024, and not in the foreseeable future.",6974
181,"Like Many a Hero, Flaco the Owl Made His Choice",2024-02-26,0,https://www.nytimes.com/2024/02/26/opinion/flaco-owl-death-birds.html,Flaco’s short life showed that freedom bundled with danger is worth the risk that it may be short and might end badly.,7082
182,Biden Says He’s Hopeful for a Gaza Cease-Fire Within a Week,2024-02-26,1,https://www.nytimes.com/2024/02/26/us/politics/biden-israel-gaza-cease-fire.html,The president offered a positive assessment of negotiations aimed at halting Israel’s military operations in exchange for the release of hostages held by Hamas.,7128
184,"Hunger, Terrorism and the Threat of War: Somalia’s Year of Crises",2024-02-27,1,https://www.nytimes.com/2024/02/27/world/africa/somalia-ethiopia-al-shabab-conflict.html,"Terrorism, hunger and devastating floods have roiled the Horn of Africa nation. Now, it faces an even bigger challenge: the prospect of war with a neighbor, Ethiopia.",7201
186,What Trump Would Do to Our Economy,2024-02-28,0,https://www.nytimes.com/2024/02/28/opinion/trump-economy-immigration-china.html,"While Trump’s economic policy had serious flaws in his first term, the prospect of what he could do in a second term is frightening.",7343
187,Ukraine Charges Key Figure in Arms Trade With Corruption,2024-02-28,1,https://www.nytimes.com/2024/02/28/world/europe/ukraine-weapons-politician-charged-corruption.html,A Times investigation showed how the war helped Serhiy Pashinsky rehabilitate a troubled reputation. Now he faces charges related to accusations about his past.,7367
190,Ghana’s Parliament Passes Anti-Gay Bill With Jail Terms,2024-02-28,0,https://www.nytimes.com/2024/02/28/world/africa/ghana-anti-gay-bill.html,The legislation would sentence those who identify as L.G.B.T.Q. to three years in jail and punish those who promote gay issues as well. It would be among the harshest on the African continent.,7403
191,Wildfire Scorches Texas Panhandle,2024-02-29,0,https://www.nytimes.com/video/us/100000009335772/texas-wildfires-smokehouse-creek.html,"Drone footage shows charred damage across swaths of land from the Smokehouse Creek blaze, which is the second-largest wildfire on record in the state.",7470
193,Fire in Bangladeshi Shopping Mall Kills Dozens,2024-03-01,0,https://www.nytimes.com/2024/02/29/world/asia/bangladesh-building-fire-dhaka.html,"Officials said the multistory fire broke out just before 10 p.m. on Thursday. The blaze left dozens injured, many in critical condition.",7587
199,"As Pakistan Installs a Prime Minister, the Road Ahead Looks Rocky",2024-03-03,0,https://www.nytimes.com/2024/03/03/world/asia/pakistan-prime-minister-shehbaz-sharif.html,Parliament’s election of Shehbaz Sharif for a second term follows a month of political turmoil. The new government faces economic troubles and questions of legitimacy.,7872
202,F.A.A. Audit Finds Quality-Control Lapses at Boeing and Spirit AeroSystems,2024-03-04,0,https://www.nytimes.com/2024/03/04/us/politics/faa-boeing-737-max-audit.html,The regulator said the audit found instances in which Boeing and one of its key suppliers did not properly adhere to quality-control requirements.,8017
204,Texas 37th Congressional District Primary Election Results,2024-03-05,0,https://www.nytimes.com/interactive/2024/03/05/us/elections/results-texas-us-house-37-primary.html,Get live results and maps from the 2024 Texas primary election.,8213
205,California 26th Congressional District Primary Election Results,2024-03-05,0,https://www.nytimes.com/interactive/2024/03/05/us/elections/results-california-us-house-26-primary.html,Get live results and maps from the 2024 California primary election.,8246
206,Texas 32nd Congressional District Primary Election Results,2024-03-05,0,https://www.nytimes.com/interactive/2024/03/05/us/elections/results-texas-us-house-32-primary.html,Get live results and maps from the 2024 Texas primary election.,8249
207,Super Tuesday Results: Key Races to Watch,2024-03-05,0,https://www.nytimes.com/interactive/2024/03/05/us/elections/results-super-tuesday-key-races.html,See results from Super Tuesday's presidential primaries and other top races.,8284
208,Arkansas Primary Election Results,2024-03-05,0,https://www.nytimes.com/interactive/2024/03/05/us/elections/results-arkansas-primary.html,Get live results and maps from the 2024 Arkansas primary elections.,8287
214,"Too Little Ammunition, Too Many Russians: The Harrowing Retreat From Avdiivka",2024-03-06,1,https://www.nytimes.com/2024/03/06/world/europe/ukraine-avdiivka-russia.html,"The fall of the city, when it came in mid-February, was brutal and fast. Soldiers fought for their lives. Many did not make it.",8421
215,Federal Judge Rules Minority Business Agency Must Serve White People as Well,2024-03-06,0,https://www.nytimes.com/2024/03/06/us/business-development-race-affirmative-action.html,"The ruling, by a judge in Texas, was the latest in a string of court decisions that have eroded or struck down federal affirmative-action mandates in a variety of arenas.",8476
218,Mutual Frustrations Arise in U.S.-Ukraine Alliance,2024-03-07,1,https://www.nytimes.com/2024/03/07/us/politics/ukraine-us-military-frustrations.html,Ukrainian officials are disheartened about stalled aid. The Pentagon wants Kyiv to heed its advice on how to fight.,8618
219,"Embryo Transfers Resume in Alabama, Even as Legal Questions Remain",2024-03-07,0,https://www.nytimes.com/2024/03/07/us/politics/alabama-embryo-ivf.html,"Hours after the governor signed a law that offers legal protections to clinics and doctors performing I.V.F. procedures, at least one clinic resumed embryo transfers.",8627
226,What Weight Did Biden’s Words Carry?,2024-03-08,0,https://www.nytimes.com/2024/03/08/opinion/letters/biden-state-of-union-speech.html,Readers assess the State of the Union address. Also: Trump trauma; National Guard in the subway; unionized college basketball.,8844
227,California Officials Investigate Possible Oil Spill Off Huntington Beach,2024-03-08,0,https://www.nytimes.com/2024/03/08/us/oil-spill-huntington-beach-california.html,It was not immediately clear what caused an oil sheen that officials said was about 2.5 miles long and half a mile wide.,8861
235,Swiss Rescuers Find Bodies of Five Missing Skiers,2024-03-11,0,https://www.nytimes.com/2024/03/11/world/europe/swiss-alps-skiers-missing.html,The police said weather conditions had deteriorated after the group set out from the town of Zermatt over the weekend. The search continued for a sixth person.,9121
238,Testimony Fleshes Out Account of Trump’s Demand to Go to Capitol on Jan. 6,2024-03-11,0,https://www.nytimes.com/2024/03/11/us/politics/jan-6-trump-motorcade-secret-service.html,But a newly released transcript of an interview of the Secret Service agent who drove Donald Trump’s vehicle that day disputes that he tried to grab the steering wheel or lunged at another agent.,9152
240,"Is This What Happens When You Build a Real Social Safety Net, Then Take It Away?",2024-03-12,0,https://www.nytimes.com/2024/03/12/opinion/covid-economy-safety-net.html,Americans’ economic pessimism.,9242
241,Washington State Will Be Next Test of ‘Uncommitted’ Protest Against Biden,2024-03-12,0,https://www.nytimes.com/2024/03/12/us/politics/biden-uncommitted-washington-israel-gaza.html,"The state’s primary election on Tuesday is the latest site of a movement to reject the president over his stance on Israel, though it may be days before the results are fully clear.",9262
242,"Sotomayor and Barrett, Lately at Odds, Discuss Relations at the Supreme Court",2024-03-12,0,https://www.nytimes.com/2024/03/12/us/sotomayor-barrett-supreme-court.html,A conversation on civics and civility included discussion of whether the court is more like a really good preschool or an arranged marriage with no possibility of divorce.,9324
247,R.N.C. Shutting Down Community Centers Aimed at Minority Outreach,2024-03-13,0,https://www.nytimes.com/2024/03/13/us/politics/republican-community-centers-closed.html,"While the new chairman says the party still plans to use the centers, an overhaul of G.O.P. operations continues as Donald Trump’s allies take over.",9466
256,Biden’s $53 Million February Haul Fuels Money Edge Over Trump,2024-03-17,0,https://www.nytimes.com/2024/03/17/us/politics/biden-february-fundraising-2024.html,"The president’s campaign and affiliated groups, including the D.N.C., hold a significant cash-on-hand advantage over Donald J. Trump and Republicans, as Mr. Trump continues to spend on legal bills.",9926
257,The Spectacle of the Ambani Wedding Event Reveals India’s Inequality,2024-03-17,0,https://www.nytimes.com/2024/03/17/opinion/india-ambani-merchant-wedding.html,The spectacle of the Ambani wedding event reveals India’s inequality.,9928
265,Blinken Describes U.S. Push at the U.N. for Gaza Cease-Fire,2024-03-21,1,https://www.nytimes.com/2024/03/21/world/middleeast/blinken-un-cease-fire.html,"In Saudi Arabia, the secretary of state discussed a U.S. draft resolution at the U.N. Security Council calling for “an immediate cease-fire tied to the release of hostages” in Gaza.",10487
268,"Luis Rubiales, Former Spanish Soccer Chief, Faces Arrest",2024-03-21,0,https://www.nytimes.com/2024/03/21/world/europe/rubiales-soccer-arrest-spain-super-cup.html,"Mr. Rubiales, who resigned after kissing a player at the Women’s World Cup, is a focus of Spanish investigators looking into accusations of corruption and money laundering.",10578
269,"Robert L. Barry, 89, Diplomat Who Negotiated Pact With Soviets, Dies",2024-03-21,0,https://www.nytimes.com/2024/03/21/us/robert-l-barry-dead.html,He was the chief negotiator on a troop-inspections accord that American officials saw as crucial in easing East-West tensions near the end of the Cold War.,10596
276,Congress Passes Spending Bill in Wee Hours to Fend Off Shutdown,2024-03-22,0,https://www.nytimes.com/2024/03/22/us/politics/congress-spending-bill-government-shutdown.html,"After hours of delay, the Senate overwhelmingly voted for the $1.2 trillion bill to fund more than half of the government, sending the measure to President Biden’s desk.",10738
282,"In Russia, Fingers Point Anywhere but at ISIS for Concert Hall Attack",2024-03-24,1,https://www.nytimes.com/2024/03/24/world/europe/russia-moscow-concert-hall-attack.html,"Russian state media pushed the idea that Ukraine was the obvious culprit, but at least three of the four suspects charged on Sunday are from the Central Asian nation of Tajikistan.",10961
286,"Display of Battered Men Was Russia’s Warning to the Public, Analysts Say",2024-03-26,1,https://www.nytimes.com/2024/03/26/world/europe/russia-terror-attack-torture.html,"Videos showing the torture of four men, accused of Russia’s deadliest terror attack in decades, have circulated widely in what analysts call a sign of the Russian state’s growing tolerance for public violence.",11085
288,A Grim Tory Ad About London Crime Used New York Footage,2024-03-26,0,https://www.nytimes.com/2024/03/26/world/europe/london-crime-ad-nyc-conservatives.html,"An ad for the British Conservative mayoral candidate showed terrified commuters running. But they were not in London. They were in Penn Station, responding to false reports of gunfire in 2017.",11170
290,It Can Take Years to Repair Bridges After a Collapse,2024-03-26,0,https://www.nytimes.com/2024/03/26/us/bridge-collapse-repairs.html,The collapse of the Francis Scott Key Bridge wiped out a roadway that tens of thousands of people used to travel to and from Baltimore.,11185
297,Trump’s Defense Team Argues First Amendment Prohibits Georgia Charges,2024-03-28,0,https://www.nytimes.com/2024/03/28/us/trump-georgia-hearing.html,Fulton County prosecutors say Donald J. Trump’s comments about the 2020 election were meant to advance a broad criminal scheme to overturn the election results.,11508
299,"Amid Health Concerns, Pope Delivers Strong Easter Message Calling for Gaza Cease-Fire",2024-03-31,1,https://www.nytimes.com/2024/03/31/world/europe/pope-francis-easter-speech.html,Pope Francis’ decisions to reduce his participation in two major Holy Week events had raised fears about his health.,11808
0,The Growing Private-Sector Involvement in Canadian Public Health Care Systems,2024-01-20,0,https://www.nytimes.com/2024/01/20/world/canada/canada-letter-private-health-care.html,Ontario announced plans this week to further expand services offered through privately owned clinics under its health plan.,2401
1,"Who Won, Who Lost and What’s Still Undecided From Super Tuesday",2024-03-06,0,https://www.nytimes.com/2024/03/06/us/politics/super-tuesday-won-lost.html,The presidential candidates weren’t the only ones on the ballot.,8376
2,Why So Many Palestinians and Israelis Are Talking About Marwan Barghouti,2024-02-14,0,https://www.nytimes.com/2024/02/14/opinion/marwan-barghouti-palestinian-israel.html,"His name may not be familiar to many Americans, but people in the Middle East know it well.",5547
3,Three Questions About Rafah,2024-02-20,1,https://www.nytimes.com/2024/02/20/briefing/rafah-israel-gaza-war.html,A looming battle in the southern Gaza city embodies the brutal dynamics of the conflict.,6306
4,Trump Indicates He Would Back a 15-Week Federal Abortion Ban,2024-03-20,0,https://www.nytimes.com/2024/03/20/us/politics/trump-15-week-federal-abortion-ban.html,"The remarks on a radio show came after he had been privately expressing support for a similar ban, at 16 weeks.",10429
5,Bobby Kennedy and Tom Suozzi,2024-02-15,0,https://www.nytimes.com/2024/02/15/briefing/bobby-kennedy-and-tom-suozzi.html,Suozzi’s campaign offered an early glimpse of messages that Democrats plan to use against Donald Trump.,5725
6,"Accused of Genocide, Israelis See Reversal of Reality. Palestinians See Justice.",2024-01-12,1,https://www.nytimes.com/2024/01/12/world/middleeast/israel-palestinians-icj-genocide.html,"Israel stands accused of committing genocide in Gaza. To Israelis, the charge is a perversion of history. But for Palestinians it creates a fleeting sense of justice.",1371
7,Why Jan. 6 Wasn’t an Insurrection,2024-01-12,0,https://www.nytimes.com/2024/01/12/opinion/jan-6-not-insurrection.html,Comparing the Capitol riot to the Beer Hall Putsch and the Whiskey Rebellion.,1478
8,Making Changes to U.S. Immigration Policy,2024-01-19,0,https://www.nytimes.com/2024/01/19/opinion/immigration-policy.html,Readers discuss a guest essay suggesting ways to fix the immigration crisis. Also: Aid to Ukraine; Nikki Haley and the Confederate flag; Botox.,2288
9,Bangladesh Leader Headed to 4th Straight Term in Vote Marred by Crackdown,2024-01-07,0,https://www.nytimes.com/2024/01/07/world/asia/bangladesh-election.html,"With the opposition in jail or off the ballots in a boycott, the prime minister for the past 15 years was expected to maintain her grip on power in what appeared to be a low-turnout vote.",686
10,South Korean Opposition Leader Is Stabbed,2024-01-02,1,https://www.nytimes.com/2024/01/01/world/asia/south-korea-opposition-lee-jae-myung.html,"Lee Jae-myung, the Democratic Party head, was attacked by a 66-year-old man in the city of Busan, the police said. Mr. Lee is now recovering from surgery.",71
11,"10 Guards, 900 Inmates and the Dire Results of Warnings Ignored",2024-02-02,0,https://www.nytimes.com/2024/02/02/us/wi-prison-staffing-shortage.html,"An extreme shortage of guards at Wisconsin’s prisons has slowed basic operations to a crawl. Inmates escaped, prisons locked down and conditions deteriorated.",4001
12,Welcome to the Jess Bidgood Era,2024-03-29,0,https://www.nytimes.com/2024/03/29/us/politics/bidgood-biden-trump.html,"After a long and exhaustive search, we have found our next newsletter writer.",11702
13,Thursday Briefing,2024-02-15,0,https://www.nytimes.com/2024/02/15/briefing/russia-space-nuclear-weapon-indonesia-president.html,Russian advances on a space-based nuclear weapon.,5666
14,The Bay Area Leads the National Shift to Electric Vehicles,2024-03-12,0,https://www.nytimes.com/2024/03/12/us/bay-area-electric-vehicles.html,San Jose and San Francisco had the highest E.V. adoption rate among major U.S. metropolitan areas last year.,9257
15,E.U. Finds a Way to Make Russia Pay for Weapons for Ukraine,2024-03-20,1,https://www.nytimes.com/2024/03/20/world/europe/eu-russia-weapons-ukraine.html,"Using interest earned on frozen Russian assets held in Europe, the bloc plans to raise billions. But other ways to pay for new weapons remain elusive.",10421
16,Haley Hits DeSantis on Disney: Government Shouldn’t ‘Bully’ Companies,2024-01-11,0,https://www.nytimes.com/2024/01/10/us/politics/desantis-disney-haley.html,The former South Carolina governor cast the Florida governor as anti-business.,1172
17,The Weather in Iowa Is Not the Only Thing That Is Bitterly Cold,2024-01-15,0,https://www.nytimes.com/2024/01/15/opinion/iowa-trump-biden-cold.html,It might as well be “Frozen III” in Des Moines. And what a cast of characters.,1702
18,Ex-General Accused of Rights Abuses Is Declared Winner of Indonesia Election,2024-03-20,0,https://www.nytimes.com/2024/03/20/world/asia/prabowo-official-indonesia-election.html,"The official result confirmed projections made after last month’s vote, which raised concerns about the vibrancy of the country’s democracy.",10393
19,No More Legal Games for Donald Trump,2024-02-10,0,https://www.nytimes.com/2024/02/10/opinion/editorials/trump-immunity-supreme-court.html,The Supreme Court can put a stop to the former president’s attempts to delay his criminal trial.,5127
20,"In Norway, a Proposed Ban on Foreign Adoptions Rattles All Sides of a Heated Debate",2024-01-17,0,https://www.nytimes.com/2024/01/17/world/europe/foreign-adoptions-ban-norway-denmark.html,"A policy body recommended this week that the country halt all foreign adoptions amid allegations of stolen children, falsified paperwork and for-profit adoption schemes.",2002
21,Removal of Netflix Film Shows Advancing Power of India’s Hindu Right Wing,2024-01-12,0,https://www.nytimes.com/2024/01/12/world/asia/india-netflix-hindu.html,The movie “Annapoorani” was about a female chef overcoming caste prejudice. Hindu activists said it hurt their feelings.,1408
22,Washington Man Pleads Guilty to Making Numerous ‘Swatting’ Calls,2024-01-27,0,https://www.nytimes.com/2024/01/27/us/washington-swatting-fake-emergencies.html,"Ashton Connor Garcia, who called himself a “cyberterrorist,” made 20 calls about fake bombs, shootings and other threats that drew police responses, officials said.",3335
23,"Gunmen Kill 60 at Concert Hall Outside Moscow, Russian Authorities Say",2024-03-22,1,https://www.nytimes.com/2024/03/22/world/europe/moscow-shooting.html,"The Islamic State claimed the attack, the deadliest in the Moscow region in more than a decade.",10771
24,The Election No One Seems to Want Is Coming Right at Us,2024-01-08,0,https://www.nytimes.com/2024/01/08/opinion/trump-biden-claudine-gay.html,It’s 2024. Sorry.,783
26,How the Iowa Caucuses Work,2024-01-14,0,https://www.nytimes.com/2024/01/14/us/politics/iowa-caucus-vote-how-where-when.html,"The parties, not the state government, run the caucuses, which have a different feel from most other balloting.",1653
27,F.B.I. Director Makes a Secret Trip to Israel,2024-02-14,1,https://www.nytimes.com/2024/02/14/world/middleeast/israel-fbi-christopher-wray.html,"Christopher A. Wray, whose agency has worked with Israeli authorities to pursue atrocities committed by Hamas, has made his first visit to Israel since the war began, the bureau disclosed.",5625
28,Chicago Voters Reject Real Estate Tax Change to Fund Homeless Programs,2024-03-22,0,https://www.nytimes.com/2024/03/22/us/chicago-real-estate-tax-vote.html,"The referendum, backed by progressives but criticized by the real estate industry, called for raising transfer taxes on properties that sell for more than $1 million.",10803
29,Read the Charging Documents Against Lyndell Mays,2024-02-20,0,https://www.nytimes.com/interactive/2024/02/20/us/mays-kc-charging-docs.html,"Two Missouri residents, Dominic Miller and Lyndell Mays, were charged with murder in the shooting that erupted after the Super Bowl parade in Kansas City, Mo. Here are the charging documents against Lyndell Mays.",6370
30,Texas 33rd Congressional District Primary Election Results,2024-03-05,0,https://www.nytimes.com/interactive/2024/03/05/us/elections/results-texas-us-house-33-primary.html,Get live results and maps from the 2024 Texas primary election.,8230
31,Israel-Hamas Talks Over Hostage Releases and a Cease-Fire Stall,2024-03-06,1,https://www.nytimes.com/2024/03/06/us/politics/israel-hamas-hostages.html,"Officials say Hamas has continued to press Israel for a commitment to a permanent cease-fire after a multistage release of all hostages, but Israel has refused.",8489
32,Civil Judgments Sting as Criminal Cases Slow,2024-03-21,0,https://www.nytimes.com/2024/03/21/us/politics/trump-trial-civil-cases-bond.html,Civil cases are keeping the pressure on Donald Trump ahead of his four criminal trials.,10600
33,Coming Up After the Break: Trump Picks a Running Mate,2024-03-20,0,https://www.nytimes.com/2024/03/20/us/politics/trump-running-mate.html,"The former president, who knows a thing or two about televised drama, is already dropping hints.",10450
34,Pennsylvania Plans Task Force to Combat Election Disruptions,2024-02-29,0,https://www.nytimes.com/2024/02/29/us/politics/pennsylania-elections-misinformation-task-force.html,"The federal-state joint effort will aim to “combat misinformation, safeguard the rights of every citizen and ensure this election is safe, secure, free and fair,” Gov. Josh Shapiro said.",7536
35,U.N. Warns Gaza Is Heading for Famine as Specter of Wider War Looms,2024-01-13,1,https://www.nytimes.com/2024/01/13/world/middleeast/houthis-yemen-us-strikes-gaza.html,Officials of the Iran-backed Houthi militia in Yemen threatened to respond to American-led airstrikes over the past two days.,1552
36,"Fewer Voters Think Trump Committed Crimes, Polls Show",2024-03-05,0,https://www.nytimes.com/2024/03/05/us/politics/donald-trump-poll-crimes.html,"A strategy to delay Donald J. Trump’s trials may be changing views, with the percentage of voters who see his actions as crimes falling across the spectrum since December.",8124
37,Can Elon Musk Really Do That?,2024-01-19,0,https://www.nytimes.com/2024/01/19/opinion/elon-musk-tesla-ai.html,His demand to own 25 percent of Tesla’s shares is a fascinating stress test of corporate governance.,2332
38,Are There Any Persuadable Voters Left?,2024-02-16,0,https://www.nytimes.com/2024/02/16/us/politics/presidential-election-voters.html,“You want me to name them individually? Because I probably could at this point.”,5998
39,Landslide in China Wipes Out Fields and Houses,2024-01-22,0,https://www.nytimes.com/video/world/asia/100000009275774/china-landslide-buries-dozens.html,"Footage from China Central Television, a state media outlet, showed a landslide that flowed down a snowy mountain in Yunnan Province.",2526
40,Four Years Since California Declared a Covid Emergency,2024-03-04,0,https://www.nytimes.com/2024/03/04/us/california-covid-emergency.html,The state recently adopted some of the most lax Covid guidance in the nation.,7973
41,Aleksei Navalny Inspired Me to Start Pussy Riot. His Vision Is Immortal.,2024-02-24,0,https://www.nytimes.com/2024/02/24/opinion/alexei-navalny-death-resistance.html,Nadya Tolokonnikova on the hope she still holds for Russia’s resistance movement.,6896
42,New State Laws on Hot-Button Issues Take Effect Today,2024-01-01,0,https://www.nytimes.com/2024/01/01/us/new-state-laws-2024.html,"Many state laws take effect on the first day of 2024, including new rules on gun safety, a ban on diversity programs and a curb on telemarketing calls.",16
43,Trump Suggests He’s Decided on a Vice President: ‘I Know Who It’s Going to Be’,2024-01-11,0,https://www.nytimes.com/2024/01/10/us/politics/trump-vp-pick.html,"The former president, at a town hall on Fox News on Wednesday, suggested he has made up his mind on a running mate, but then he declined to provide details.",1173
44,Elon Musk Has a Giant Charity. Its Money Stays Close to Home.,2024-03-10,0,https://www.nytimes.com/video/us/100000009350979/elon-musk-keeps-his-money-close.html,"After making billions in tax-deductible donations to his philanthropy, Elon Musk gave away far less than required in some years — and what he did give often supported his own interests.",9006
45,"Israel Cites ‘New Initiatives’ for Gaza Aid, but Progress Has Been Slow",2024-03-29,1,https://www.nytimes.com/2024/03/29/world/middleeast/israel-gaza-aid-famine.html,"The country pointed to measures to deliver necessities by land, air and sea that aid groups say are not nearly sufficient to meet the need.",11646
46,Friday Briefing: Two Years of War in Ukraine,2024-02-22,1,https://www.nytimes.com/2024/02/22/world/asia/friday-briefing-two-years-of-war-in-ukraine.html,"Also, an attempt at a moon landing.",6671
47,The Rich Spend Differently From You and Me,2024-03-05,0,https://www.nytimes.com/2024/03/05/opinion/inflation-income-inequality.html,Your inflation rate may not be mine. Does it matter?,8311
48,"Lev Rubinstein, Russian Poet and a Critic of Putin, Is Dead at 76",2024-01-20,0,https://www.nytimes.com/2024/01/20/world/europe/lev-rubinstein-dead.html,He helped found an avant-garde movement fusing art and prose and was outspoken against the invasion of Ukraine. He died after he was hit by a car in Moscow.,2431
49,DNA From Discarded Gum Leads to Conviction in 1980 Oregon Murder,2024-03-19,0,https://www.nytimes.com/2024/03/19/us/oregon-man-guilty-murder-dna.html,"Robert Arthur Plympton was found guilty of murdering Barbara Mae Tucker, 19, who was kidnapped, sexually assaulted and beaten to death on a community college campus near Portland.",10272
50,Biden’s Options Range From Unsatisfying to Risky After American Deaths,2024-01-29,1,https://www.nytimes.com/2024/01/29/us/politics/us-biden-iran-drone-response.html,"President Biden is balancing political pressures, military calculations and regional fragility after a drone strike killed three service members.",3487
51,See the Rapid Expansion of Tent Camps in Southern Gaza,2024-01-18,1,https://www.nytimes.com/interactive/2024/01/18/world/middleeast/gaza-displaced-tent-camps-rafah.html,Satellite images show the huge influx of displaced people in Rafah as more evacuees have moved south to avoid areas under Israeli bombardment.,2100
52,"Chris Christie, We Miss You!",2024-01-11,0,https://www.nytimes.com/2024/01/11/opinion/iowa-debate-desantis-haley.html,Nikki Haley and Ron DeSantis summon the right fury for the wrong target.,1181
53,‘Punjabi Wave’ Music Hits the Juno Awards Stage,2024-03-30,0,https://www.nytimes.com/2024/03/30/world/canada/juno-awards-karan-aujla.html,"Karan Aujla, 27, became the first Punjabi artist to win an award at the Junos as the genre expands its fan base in Canada.",11745
54,"For Orban, Ukraine Is a Pawn in a Longer Game",2024-02-01,1,https://www.nytimes.com/2024/02/01/world/europe/orban-ukraine-funding-hungary.html,"His real aim is to lead a populist and nativist rebellion against Europe’s liberal elite, though that campaign is showing signs of faltering.",3910
55,"What Does Being Sober Mean Today? For Many, Not Full Abstinence.",2024-02-04,0,https://www.nytimes.com/2024/02/04/us/addiction-california-sober.html,"More younger Americans are shunning alcohol while embracing cannabis, ketamine and psychedelics, shaking up the field of addiction medicine.",4230
56,How the State of the Union Became a Picture of Disunion,2024-03-07,0,https://www.nytimes.com/interactive/2024/03/06/us/state-of-the-union-partisan-history.html,"What used to be a solemn event, governed by dignity and protocol, has more recently become marked by partisan disruption.",8525
57,"Iceland Volcano Erupts Again, Cutting Off Hot Water to Thousands",2024-02-08,0,https://www.nytimes.com/2024/02/08/world/europe/iceland-volcano-erupts.html,The flowing lava poured over a key pipe that transports hot water from the local power plant to nearby towns.,4756
58,Harvard’s President Resigned After Plagiarism Accusations,2024-01-02,1,https://www.nytimes.com/2024/01/02/briefing/harvards-president-resigned-after-plagiarism-accusations.html,"Also, a senior Hamas leader was killed in Beirut. Here’s the latest at the end of Tuesday.",166
59,"America First Legal, a Trump-Aligned Group, Is Spoiling for a Fight",2024-03-21,0,https://www.nytimes.com/2024/03/21/us/politics/stephen-miller-america-first-legal.html,"The group, headed by the former Trump adviser Stephen Miller, has filed more than 100 legal actions against “woke” companies and others. But winning may be beside the point.",10513
60,"From Frigid Cells to Mystery Injections, Prison Imperiled Navalny’s Health",2024-02-17,0,https://www.nytimes.com/2024/02/17/world/europe/navalny-health-prison-death.html,"Although Aleksei A. Navalny’s cause of death is not known, his staff often worried that brutal conditions imposed on him in ever crueler prisons might lead to his death.",6096
61,Maine Town Manager Dies Saving His Son After Both Fall Through Ice,2024-01-28,0,https://www.nytimes.com/2024/01/28/us/maine-town-manager-dies.html,"Kevin Howell, 51, the town manager in Carmel, Maine, and his 4-year-old son fell through the ice while crossing a pond. He rescued his son, who ran home to get help.",3407
62,Israel and Hamas’s Cease-Fire and Hostage Deal Proposals: What to Know,2024-01-24,1,https://www.nytimes.com/2024/01/24/world/middleeast/israel-hamas-hostages-ceasefire-talks.html,"The negotiations continue, but the sides are far apart on issues including the fate of Hamas’s top leadership in the Gaza Strip.",2907
63,Millions of Low-Income Families Set to Lose Internet Subsidies,2024-03-23,0,https://www.nytimes.com/2024/03/23/us/politics/internet-subsidies-affordable-connecticity-program.html,"The Affordable Connectivity Program, a $14.2 billion federal effort to make internet service more affordable, is expected to run out of funding this spring.",10833
64,"To Win Iowa, Trump Turns to Allies Like Marjorie Taylor Greene",2024-01-09,0,https://www.nytimes.com/2024/01/09/us/politics/trump-iowa-caucuses-mtg.html,"With the former president busy defending himself in court from 91 felony charges, his campaign has deployed high-profile conservatives to help fill the gaps in Iowa.",916
65,"Israel Picks Holocaust Survivor Judge for Genocide Case, Surprising Some",2024-01-08,0,https://www.nytimes.com/2024/01/08/world/middleeast/israel-gaza-genocide-case-judge-barak.html,"Aharon Barak, a retired Israeli Supreme Court president, fought the government’s judicial overhaul plan. But it chose him for the panel hearing a case against it in a United Nations court.",822
66,Where Have All the Transfers Gone?,2024-02-02,0,https://www.nytimes.com/2024/02/02/world/europe/january-transfer-window.html,"A quiet January window may not be a bubble bursting, but rather an awareness that the player-acquisition business has changed.",4052
67,U.S. Defense Secretary Is Released From the Hospital After 2 Weeks,2024-01-15,0,https://www.nytimes.com/2024/01/15/us/politics/defense-secretary-lloyd-austin-hospital-release.html,"The secretary, Lloyd J. Austin III, kept the White House in the dark about his hospitalization for several days, a major breach of protocol at the highest national security levels.",1731
68,Pro-Trump Internet Trolls Escalate Ugly Attacks on Nikki Haley,2024-02-22,0,https://www.nytimes.com/2024/02/22/us/politics/trump-trolls-nikki-haley.html,"For most of the campaign, Ms. Haley was spared the full force of former President Donald J. Trump’s devoted online following. No longer.",6683
69,Military ‘Practice Bomb’ Washes Ashore in California,2024-01-03,0,https://www.nytimes.com/2024/01/03/us/wwii-bomb-santa-cruz-beach.html,"The munition, which was carried to shore by the rough surf that battered the state last week, was found on New Year’s Eve.",182
70,How a Tiny Arts Center Is Helping a Rural County Heal After Wildfires,2024-03-15,0,https://www.nytimes.com/2024/03/15/us/lake-county-california-art-center.html,"The Middletown Art Center in Lake County has turned into a “focal point for the area’s resilience and growth,” one resident said.",9725
71,"I’m the Mayor of Dearborn, Mich., and My City Feels Betrayed",2024-02-20,0,https://www.nytimes.com/2024/02/20/opinion/biden-dearborn-michigan-gaza.html,I worry Biden will be remembered not as the president who saved American democracy but as the president who sacrificed it for Netanyahu.,6293
72,"In France, a Conviction for Police Brutality, but Little Expectation of Change",2024-01-21,0,https://www.nytimes.com/2024/01/21/world/europe/france-police-brutality-verdict.html,"A police officer who seriously injured a 22-year-old Black man with a baton during an arrest in 2017 was convicted, but given only a suspended sentence.",2465
73,Burned Vehicles Litter Streets After Clashes in Northern India,2024-02-09,1,https://www.nytimes.com/video/world/asia/100000009305985/india-clashes-mosque-muslim-seminary.html,"Protests broke out in the town of Haldwani, India, after officials and the police arrived to demolish a mosque and a Muslim seminary.",5004
74,"Hey, Losers! Here’s How to Bring Baseball’s Very Boring Era to an End.",2024-03-23,0,https://www.nytimes.com/2024/03/23/opinion/baseball-season-mlb-trash-talk.html,"Without trash talk, baseball has lost more than the occasional dugout brawl and well-timed zinger; it’s lost some of its drama.",10861
75,My Father’s Quiet Love Speaks Louder Than Words,2024-03-05,0,https://www.nytimes.com/2024/03/05/opinion/grief-fathers-first-generation.html,Ours is a tacit understanding that we’ve got each other’s backs.,8084
76,"In California, the Number of Monarch Butterflies Has Dropped by 30 Percent",2024-02-02,0,https://www.nytimes.com/2024/02/02/us/california-monarch-butterflies-population.html,The orange and black insects were classified as endangered in 2022.,4049
77,Our Society Is Not a Bee Hive,2024-02-17,0,https://www.nytimes.com/2024/02/17/opinion/texas-tim-dunn-trump.html,A billionaire in Texas is showing how our system really works.,6086
78,‘What’s My Life Worth?’ The Big Business of Denying Medical Care,2024-03-14,0,https://www.nytimes.com/video/opinion/100000009345904/health-insurance-prior-authorization.html,"Insurance companies have weaponized a seemingly benign process to protect their profits, and it’s putting patients at risk.",9503
79,U.S. Says ISIS Was Responsible for Deadly Moscow Concert Hall Attack,2024-03-22,1,https://www.nytimes.com/2024/03/22/world/europe/isis-moscow-attack-concert-hall.html,"After a period of relative quiet, the Islamic State has been trying to increase its external attacks, according to U.S. counterterrorism officials.",10800
80,"For New Moms in Seoul, 3 Weeks of Pampering and Sleep at a Joriwon",2024-01-28,0,https://www.nytimes.com/2024/01/28/world/asia/south-korea-joriwon-postpartum-care.html,"Some new mothers say postpartum care centers are the best part of childbirth in South Korea, where fewer people are deciding to have children because of high costs.",3354
81,Monday Briefing: Bangladesh’s Troubled Election,2024-01-07,0,https://www.nytimes.com/2024/01/07/briefing/bangladesh-election-hamas-gaza-japan-steel.html,Plus why the first galaxies were banana-shaped.,721
82,New Hampshire Showed Trump’s Strengths and Weaknesses,2024-01-24,0,https://www.nytimes.com/2024/01/24/briefing/new-hampshire-trump-russian-plane-crash.html,"Also, a Russian military plane crashed near Ukraine. Here’s the latest at the end of Wednesday.",2938
83,Putin to U.S.: Let’s Make a Deal on Ukraine (on My Terms),2024-02-09,1,https://www.nytimes.com/2024/02/09/world/europe/putin-ukraine-deal-tucker-carlson-interview.html,"The Russian leader clearly believes he can now negotiate from strength, but the message in the Tucker Carlson interview was muddled, critics say.",5021
84,Which Version of an Ex-General Did Indonesia Just Vote For?,2024-02-15,0,https://www.nytimes.com/2024/02/15/world/asia/indonesia-election-president-prabowo.html,"Prabowo Subianto has had many identities over the years: a commander under sanctions for rights abuses, a violent nationalist and, now, the candidate of continuity.",5735
85,Nikki Haley Is Actually Winning,2024-02-29,0,https://www.nytimes.com/2024/02/29/opinion/nikki-haley-trump-election.html,She’s not running against Trump. She’s using him to launder her image.,7575
86,Putin Is Making His Plans Brutally Clear,2024-01-16,1,https://www.nytimes.com/2024/01/16/opinion/putin-ukraine-war.html,"Ukrainians know that when it comes to Vladimir Putin, one must not trust what he says, but watch what he does.",1782
87,Biden Offers Aid to California as It Deals with Floods and Mudslides,2024-02-06,0,https://www.nytimes.com/video/us/100000009299382/biden-offers-aid-to-california-as-it-deals-with-floods-and-mudslides.html,The president addressed the public via Los Angeles Mayor Karen Bass’s speakerphone to offer aid from FEMA after a deadly atmospheric river hit the state.,4435
88,India’s 2024 General Election: What to Know,2024-03-16,0,https://www.nytimes.com/2024/03/16/world/asia/india-2024-election.html,India’s general elections will determine the political direction of the world’s most populous nation for the next five years.,9872
89,What Happened in the Michigan Democratic Primary,2024-02-28,0,https://www.nytimes.com/video/us/politics/100000009333217/michigan-primary-election-2024.html,"President Biden handily won the primary, but tens of thousands in the swing state voted “uncommitted” over his support for Israel.",7318
90,A 30-Second Kennedy Ad Collides With a Decades-Long Family Legacy,2024-02-13,0,https://www.nytimes.com/2024/02/13/us/politics/rfk-jr-super-bowl-ad-kennedy.html,A Super Bowl commercial that echoed a 1960 campaign ad for John F. Kennedy deepens a growing estrangement between Robert F. Kennedy Jr. and much of his family.,5400
91,Why It Takes Longer for California to Count Ballots,2024-03-05,0,https://www.nytimes.com/2024/03/05/us/politics/california-super-tuesday.html,"A heavy reliance on mail-in ballots, and an extensive review process, can lead to a waiting game for results.",8296
92,A New Orleans Man Wants His Opossum Back. Thousands Have Joined His Plea.,2024-02-21,0,https://www.nytimes.com/2024/02/21/us/opossum-pet-louisiana-petition.html,"The much-loved marsupial, Saffron, was known to frequent the French Quarter with his owner. A friend started a petition for the opossum’s return after state wildlife authorities seized him this month.",6523
93,"Israel Was Behind Attacks on Major Gas Pipelines in Iran, Officials Say",2024-02-16,1,https://www.nytimes.com/2024/02/16/world/middleeast/iran-israel-attacks-gas-pipelines.html,"The sabotage, which analysts said marked an escalation in the shadow war between Israel and Iran, caused sweeping disruption in several provinces.",5980
94,"Inspired by Texas, Republicans in Other States Eye Immigration Bills",2024-03-20,0,https://www.nytimes.com/2024/03/20/us/texas-immigration-republican-states.html,"Iowa lawmakers passed a similar bill on Tuesday, and several other states are hoping to follow suit.",10427
95,U.N. Agency for Palestinians Imperiled by Terrorism Charges,2024-01-29,1,https://www.nytimes.com/2024/01/29/world/middleeast/unrwa-israel-gaza-terrorism.html,"Donors have pulled funds for the main aid agency in Gaza after allegations that some employees took part in the Oct. 7 attack, but it is not clear who would fill the vacuum if it ran out of money.",3523
96,Israeli Teenager Recounts Her Time as a Hostage in Gaza,2024-01-15,1,https://www.nytimes.com/2024/01/16/world/middleeast/israel-hostage-hamas-gaza.html,"Hila Rotem Shoshani, 13, is the youngest of the hostages freed from Gaza to speak out about the harsh conditions in which they were held.",1739
97,G.O.P. Backlash to Border Deal Reflects Vanishing Ground for a Compromise,2024-02-05,0,https://www.nytimes.com/2024/02/05/us/politics/republicans-border-deal.html,"Republicans demanded a border crackdown but have rejected a bipartisan plan to impose one, underscoring the intractable politics of the issue in an election year.",4414
98,Taiwan Goes to the Polls,2024-01-12,0,https://www.nytimes.com/2024/01/12/briefing/taiwan-election.html,The election could reshape international affairs.,1410
99,"‘I’m Not Going to Have Time for Retribution,’ Trump Says at Town Hall",2024-01-11,0,https://www.nytimes.com/2024/01/10/us/politics/trump-town-hall-fox.html,The town hall on Fox News was the former president’s counterprogramming as Nikki Haley and Ron DeSantis debated on CNN.,1177
100,"Man Killed Son in 1989, Then Staged Tearful TV Discovery, Officials Say",2024-01-12,0,https://www.nytimes.com/2024/01/12/us/justin-turner-killed-cold-case.html,"After a fresh investigation into the death of 5-year-old Justin Lee Turner, the South Carolina authorities have charged his father, Victor Lee Turner, and stepmother with murder.",1467
101,Thursday Briefing: U.S. Targets TikTok,2024-03-13,0,https://www.nytimes.com/2024/03/13/world/asia/target-us-gaza-aid-asia.html,"Also, aid to northern Gaza and whimsical wooden automatons",9456
102,Inside the Blunders That Plunged the College Admission Season Into Disarray,2024-03-13,0,https://www.nytimes.com/2024/03/13/us/politics/fafsa-college-admissions.html,"The Education Department was supposed to make applying for federal financial aid easier. Instead, it got worse.",9427
104,Ann Arbor School Board Set to Vote on Israel-Gaza Ceasefire Resolution,2024-01-17,0,https://www.nytimes.com/2024/01/17/us/ann-arbor-israel-gaza-ceasefire.html,"The proposed resolution has divided the left-leaning Michigan college town, home to sizable Arab and Jewish populations.",1961
105,When Soccer’s Content Mine Loses Sight of Reality,2024-01-27,0,https://www.nytimes.com/2024/01/27/world/europe/liverpool-wrexham.html,"As documentaries and series about teams proliferate, it’s easy to pine for the ones that offered the clearest windows into the game.",3287
106,A Child of Another War Who Makes Music for Ukrainians,2024-01-26,1,https://www.nytimes.com/2024/01/26/world/europe/ukraine-music-mirza-ramic.html,"Mirza Ramic, a Bosnian who sought refuge in the United States, is bringing his electronic music to Ukraine, “to show my support in these hard times.”",3172
107,How Los Angeles Is Approaching Homelessness,2024-03-27,0,https://www.nytimes.com/2024/03/27/us/los-angeles-homelessness.html,A conversation with the Times reporter who wrote about Mayor Karen Bass’s flagship program to solve homelessness.,11302
108,San Diego Zoo Could Be First in U.S. to Get Pandas From China Again,2024-02-22,0,https://www.nytimes.com/2024/02/22/us/san-diego-zoo-pandas-china.html,"China said it reached agreements with zoos to again send giant pandas to the United States and Europe, continuing a tradition of animal-based diplomacy.",6630
109,News Outlet Blames Photoshop for Making Australian Lawmaker’s Photo More Revealing,2024-01-31,0,https://www.nytimes.com/2024/01/31/world/australia/australia-georgie-purcell-9news-photoshop.html,"9News apologized for the edited photo of the member of state Parliament, Georgie Purcell, which it said was a result of “automation by Photoshop.”",3757
110,Court Rules Texas Can Ban Emergency Abortions Despite Federal Guidance,2024-01-03,0,https://www.nytimes.com/2024/01/02/us/texas-emergency-abortion-ban-appeal.html,The U.S. Court of Appeals for the Fifth Circuit affirmed a ruling that sided with the state on whether emergency rooms are required to perform emergency abortions.,176
111,"Sweden Enters NATO, a Blow to Moscow and a Boost to the Baltic Nations",2024-03-07,1,https://www.nytimes.com/2024/03/07/world/europe/sweden-nato-neutrality.html,"With the addition of Sweden to NATO, President Vladimir V. Putin of Russia finds himself facing an enlarged and motivated alliance.",8629
112,Video Shows Gunmen Storming West Bank Hospital,2024-01-30,1,https://www.nytimes.com/video/world/middleeast/100000009289125/israel-attack-west-bank-hospital.html,The Palestinian Authority Health Ministry released surveillance video that shows armed members of Israeli forces dressed in civilian clothes inside Ibn Sina Specialized Hospital in Jenin.,3632
113,Confronted by an Angry Moose? Here’s What to Do.,2024-03-11,0,https://www.nytimes.com/2024/03/11/us/moose-encounter-what-to-do.html,"Moose are ordinarily docile animals. The chances of having to defend yourself against one in the wild are slim, but not zero.",9149
114,The Wife of Haiti’s Assassinated President Is Accused in His Killing,2024-02-19,1,https://www.nytimes.com/2024/02/19/world/americas/haiti-assassinated-president-wife-accused.html,"Martine Moïse, the widow of President Jovenel Moïse, was charged by a Haitian judge with conspiring in his assassination. She was seriously injured in the attack.",6250
115,Princess of Wales to Be Hospitalized for 10 Days After Abdominal Surgery,2024-01-17,0,https://www.nytimes.com/2024/01/17/world/europe/princess-kate-middleton-abdominal-surgery.html,"Kensington Palace said Catherine, the wife of Prince William, would not return to public duties until after Easter. Separately, King Charles will receive prostate treatment next week.",1988
116,Imran Khan’s Opponents Reach Deal to Shut His Allies Out of Government,2024-02-14,0,https://www.nytimes.com/2024/02/14/world/asia/pakistan-election-coalition-government.html,"After days of wrangling, two parties run by political dynasties joined forces and will nominate Shehbaz Sharif to be Pakistan’s prime minister.",5510
117,Two Cases Aim to Cut Off China and Iran From U.S. Technology,2024-02-07,0,https://www.nytimes.com/2024/02/07/us/politics/china-iran-arrests-export-controls.html,"In one case, material stolen from a private company would help the development of technology to track ballistic and hypersonic missiles, U.S. officials said.",4710
118,"President Biden, You Have Leverage That Can Save Lives in Gaza. Please Use It.",2024-03-16,1,https://www.nytimes.com/2024/03/16/opinion/biden-israel-gaza.html,"While Biden is using tougher language toward Israel, he isn’t backing that up with consequences for being ignored.",9878
119,Investing in Caregivers and Nursing Homes,2024-03-14,0,https://www.nytimes.com/2024/03/14/opinion/family-caregivers-nursing-homes.html,Two readers call for more federal funding for care of the sick and the elderly. Also: Data on drivers; Covid lessons; diversity in college admissions.,9581
120,There Is Another Passenger on the Trump Train,2024-01-22,0,https://www.nytimes.com/2024/01/22/opinion/trump-biden-haley-presidential-election.html,And it’s getting very crowded.,2553
121,South Carolina Democratic Primary Results,2024-02-03,0,https://www.nytimes.com/interactive/2024/02/03/us/elections/results-south-carolina-democratic-primary.html,Get live election results and maps from the South Carolina Democratic primary.,4202
123,The Trial of James Crumbley in the Oxford High Killings: What to Know,2024-03-05,1,https://www.nytimes.com/2024/03/05/us/james-crumbley-trial-oxford-shooting.html,The parents of a teenager who killed four students at a Michigan high school were charged with involuntary manslaughter. His mother was convicted. Now the father is standing trial.,8088
124,An ‘Irish Heiress’ Conned Him. He Started a Podcast to Track Her Down.,2024-03-26,0,https://www.nytimes.com/2024/03/26/us/irish-heiress-marianne-smyth-con.html,Marianne Smyth was convicted of grand theft after she claimed that her family had cut her out of an inheritance. She faces extradition to Northern Ireland on separate fraud and theft charges.,11191
125,"In Quake-Scarred Japan, 2011 Fukushima Disaster Still Looms Large",2024-01-01,0,https://www.nytimes.com/2024/01/01/world/asia/japan-fukushima-quake-tsunami.html,"As another major quake struck Japan, the country was still reckoning with the nuclear crisis triggered by the 8.9-magnitude earthquake and a tsunami of 13 years ago.",35
126,House Republican Majority Shrinks Again as Congress Faces Critical Issues,2024-02-14,0,https://www.nytimes.com/2024/02/14/us/politics/house-republicans-congress-suozzi.html,"The victory of Tom Suozzi, a Democrat, in a special election in New York will chip away at the already thin Republican hold over the House.",5617
127,Russia’s 2024 Presidential Vote: What to Know,2024-03-14,0,https://www.nytimes.com/2024/03/14/world/europe/russia-election-explained.html,"The presidential vote in Russia begins on Friday and lasts through Sunday, and although it features the trappings of a horse race, it is more of a predetermined, Soviet-style referendum.",9537
128,Why This Unlikely Washington Friendship Endures,2024-01-16,0,https://www.nytimes.com/2024/01/16/opinion/trump-trade-nafta.html,The surprising friendship that has made Donald Trump’s trade policies so durable.,1800
129,Ukrainians Dismiss Kremlin Suggestions Their Country Was Behind Moscow Attack,2024-03-25,1,https://www.nytimes.com/2024/03/25/world/europe/moscow-terror-attack-ukraine.html,Officials and ordinary citizens say Russia is blaming Ukraine in order to shore up support for its war in Ukraine and escalate the fighting there.,11041
130,"The Young Black Conservative Who Grew Up With, and Rejects, D.E.I.",2024-02-01,0,https://www.nytimes.com/2024/02/01/us/coleman-hughes-black-conservative-colorblind.html,"Coleman Hughes wants a colorblind society. In his new book, he recounts how schools emphasized his racial identity — and other students’ white privilege.",3826
131,Remnants of a Nuclear Missile Are Found in a Garage,2024-02-05,0,https://www.nytimes.com/2024/02/04/us/seattle-nuclear-missile-garage.html,The police responded to a call from a U.S. Air Force museum that said a man had offered to donate a Cold War-era missile stored in his late neighbor’s garage.,4285
132,Italian Town Hitches Its Wagon to Plants That Bloom (Even in Winter),2024-01-10,0,https://www.nytimes.com/2024/01/10/world/europe/italy-verbania-tourism-flowers-camillias.html,"Lakefront Verbania in Italy’s Piedmont seeks to attract flower lovers with its mild climate, spectacular gardens and wild nature.",1013
133,Nor’easter Expected to Bring New York City’s Heaviest Snow in Over 2 Years,2024-02-12,0,https://www.nytimes.com/2024/02/12/us/winter-storm-snow-rain-forecast-noreaster.html,"A storm starting Monday night will bring heavy snow to parts of New Jersey, New York and Connecticut, forecasters said.",5283
135,The Three Kinds of Biden Protest Voters,2024-03-19,0,https://www.nytimes.com/interactive/2024/03/19/us/elections/biden-uncommitted-vote-democrats.html,"Despite cruising to the Democratic nomination, President Biden has faced a substantial protest vote in some primaries. The pattern can be broken into three categories.",10186
136,"In a Land of Lavish Weddings, This Prenuptial Party Takes the Cake",2024-03-01,0,https://www.nytimes.com/2024/03/01/world/asia/india-wedding-party-ambani.html,A three-day pre-wedding ceremony for the son of one of India’s richest men raises the bar for extravagant festivity.,7670
137,Biden Calls for Higher Taxes on Corporations and the Wealthy,2024-03-11,0,https://www.nytimes.com/2024/03/11/us/politics/biden-budget-tax-proposal.html,"The budget, which would cut the deficit by $3 trillion over the next decade, reinforces Biden’s efforts to counter Republican tax proposals that Democrats deride as giveaways to the wealthy.",9147
138,Texas 18th Congressional District Primary Election Results,2024-03-05,0,https://www.nytimes.com/interactive/2024/03/05/us/elections/results-texas-us-house-18-primary.html,Get live results and maps from the 2024 Texas primary election.,8162
139,A Good Day for Trump and His Lawyers,2024-02-08,0,https://www.nytimes.com/2024/02/08/us/politics/trump-ballot-colorado-immunity.html,The Supreme Court justices expressed doubts about barring Trump.,4885
140,Hamas blames Israel for the death of a senior official in Lebanon.,2024-01-03,1,https://www.nytimes.com/2024/01/03/world/middleeast/hamas-blames-israel-for-the-death-of-a-senior-official-in-lebanon.html,"Israel and the surrounding region were on edge Wednesday, a day after the assassination of a top Hamas leader in Lebanon heightened worries that the war in Gaza could spill over into a broader conflict.",184
141,Death Toll Rises to at Least 55 After Powerful Earthquake in Japan,2024-01-02,0,https://www.nytimes.com/2024/01/02/world/asia/japan-earthquake.html,The authorities continued to look for people buried in the rubble of collapsed and burned buildings in the coastal epicenter of the disaster.,89
142,Warnings Over Israel’s Rafah Threat Come From All Corners,2024-02-15,1,https://www.nytimes.com/2024/02/15/world/middleeast/rafah-israel-offensive.html,Allies and others say the safety of the Palestinian civilians who have sought shelter in the far south of Gaza is paramount.,5822
143,Friday Briefing,2024-03-15,0,https://www.nytimes.com/2024/03/15/briefing/russia-election-schumer-israel-netanyahu.html,The Russian election.,9664
144,Monkey Eats From Bird Feeder After Escaping Scottish Wildlife Park,2024-01-30,0,https://www.nytimes.com/video/world/europe/100000009288849/monkey-escapes-scottish-wildlife-park.html,A Japanese macaque was spotted in a man’s backyard after it escaped from Highland Wildlife Park in Scotland.,3617
145,Drivers Navigate Flooded Louisiana Roads,2024-01-25,0,https://www.nytimes.com/video/us/100000009282361/louisiana-flood.html,Parts of Louisiana and Texas faced significant flooding as heavy rain inundated the region.,3074
146,Biden Will Make Rare Visit to Southern Border on Same Day as Trump,2024-02-26,0,https://www.nytimes.com/2024/02/26/us/politics/biden-trump-border.html,"The president, trying to go on the offensive over immigration, is planning to travel to Texas on Thursday, when Donald J. Trump is also set to visit a border city.",7073
147,"Stripped, Beaten or Vanished: Israel’s Treatment of Gaza Detainees Raises Alarm",2024-01-23,1,https://www.nytimes.com/2024/01/23/world/middleeast/israel-gaza-palestinian-detainees.html,A U.N. office said Israel’s detention and treatment of detainees might amount to torture. It estimated thousands had been detained and held in “horrific” conditions. Some were freed wearing only diapers.,2703
148,The Promises and Problems of Buying Local,2024-01-29,0,https://www.nytimes.com/2024/01/29/opinion/buy-local-free-trade.html,"There’s no right answer to whether buying local is better. It’s a matter, instead, of trade-offs.",3510
149,Judge Rules D.A. Can Stay on Trump Georgia Case With Ex-Boyfriend Stepping Down,2024-03-15,0,https://www.nytimes.com/2024/03/15/us/fani-willis-trump-georgia-ruling.html,The highly anticipated ruling cut a middle path between removing Fani T. Willis for a conflict of interest and her full vindication.,9804
150,Alabama Democrats Swarm to a Rare Chance to Increase Their Power,2024-03-04,0,https://www.nytimes.com/2024/03/04/us/politics/alabama-primary-second-congressional-district.html,"A court-mandated redistricting has made for a suddenly competitive congressional race in a ruby-red state, and Democrats have lined up to seize the opportunity.",8015
151,Monday Briefing,2024-02-05,1,https://www.nytimes.com/2024/02/05/briefing/houthi-yemen-chile-fire.html,The U.S. leads strikes in the Middle East.,4304
152,Instagram and Facebook Subscriptions Get New Scrutiny in Child Safety Suit,2024-02-27,0,https://www.nytimes.com/2024/02/26/us/instagram-facebook-children-subscriptions-predators.html,New Mexico’s attorney general has accused Meta of not protecting children from sexual predators on its platforms. He now wants to know how it polices subscribers to accounts featuring children.,7142
153,Here’s the latest on the attack in Russia.,2024-03-22,1,https://www.nytimes.com/2024/03/22/world/europe/heres-the-latest-on-the-attack-in-russia.html,"Several gunmen opened fire at a popular concert venue on the outskirts of Moscow on Friday, killing at least 40 people and wounding more than 100, Russia’s top security agency said, according to state news agencies.",10783
154,"A Legal Outsider, an Offbeat Theory and the Fate of the 2024 Election",2024-02-07,0,https://www.nytimes.com/2024/02/07/us/politics/tillman-constitution-trump-colorado-ballot.html,"When the Supreme Court considers whether Donald J. Trump is barred from appearing on Colorado’s ballot, a professor’s scholarship, long relegated to the fringes, will take center stage.",4670
155,Supreme Court Appears Split Over Ban on Bump Stocks Enacted Under Trump,2024-02-28,0,https://www.nytimes.com/2024/02/28/us/politics/bump-stock-ban-supreme-court-trump.html,"In a wide-ranging argument, the justices wrestled with the mechanics of gun triggers and the larger implications of the ban both for bump stock owners and the public.",7378
156,"Khaled Nezzar, General at Center of Algeria’s Bloodshed, Dies at 86",2024-01-30,0,https://www.nytimes.com/2024/01/30/world/africa/khaled-nezzar-dead.html,"In the 1990s, he oversaw troops that committed a host of atrocities against equally brutal Islamist rebels in what became known as the Black Decade.",3630
157,Biden Called Putin a ‘Crazy S.O.B.’ The Kremlin Called Biden a ‘Cowboy.’,2024-02-22,0,https://www.nytimes.com/2024/02/22/us/politics/biden-putin-crazy-sob.html,The comments were a blunt tit-for-tat between the two adversaries.,6657
158,Illinois 3rd Congressional District Primary Election Results,2024-03-19,0,https://www.nytimes.com/interactive/2024/03/19/us/elections/results-illinois-us-house-3-primary.html,Get live results and maps from the 2024 Illinois primary election.,10235
159,Electric Double-Decker Bus Catches Fire During London’s Morning Rush Hour,2024-01-11,0,https://www.nytimes.com/2024/01/11/world/europe/london-wimbledon-bus-fire.html,"There were no injuries, and the London Fire Brigade said it would investigate the cause of the fire on the iconic red double-decker bus.",1288
160,Where Did Our Strange Use of ‘Like’ Come From?,2024-02-15,0,https://www.nytimes.com/2024/02/15/opinion/casual-speech-like.html,A novel way to take the temperature down during conversation.,5790
161,Alabama Republicans Scramble in an Effort to Pass an I.V.F. Shield Law,2024-02-28,0,https://www.nytimes.com/2024/02/28/us/politics/alabama-ivf-protections-law.html,"The urgency underscores the bind for the party, which has long maintained that life begins at conception but must now reconcile that stance with broad support for I.V.F.",7411
162,‘People Are Hoping That Israel Nukes Us So We Get Rid of This Pain’,2024-03-09,1,https://www.nytimes.com/2024/03/09/opinion/gaza-israel-war.html,A father’s desperate texts from Gaza offer a window into five months of suffering there.,8952
163,Judge Scraps Trial Date for Trump Election Subversion Case,2024-02-02,0,https://www.nytimes.com/2024/02/02/us/politics/trump-trial-election-date-delay.html,"Judge Tanya Chutkan removed the planned March 4 start from her calendar, formalizing a delay that had become increasingly likely in recent weeks. It remains unclear when the trial might start.",4110
164,Trump Vilifies Migrants and Mocks Biden’s Stutter in Georgia Speech,2024-03-10,0,https://www.nytimes.com/2024/03/10/us/politics/trump-biden-georgia-rally.html,The former president also attacked Mr. Biden in harsh terms in a combative speech that signaled the beginning of the general election campaign.,8983
165,A Super PAC Forms to Support No Labels,2024-01-10,0,https://www.nytimes.com/2024/01/10/us/politics/super-pac-no-labels.html,Officials with the group said they had $2 million in initial commitments but expect up to $300 million if there’s a “viable” ticket.,1080
166,Biden and Jordan’s King Call on Israel to Protect Palestinians in Rafah,2024-02-12,1,https://www.nytimes.com/2024/02/12/world/middleeast/biden-king-abdullah-jordan.html,"King Abdullah, who had his first face-to-face conversation with President Biden since the Gaza war began, said an Israeli invasion of the city was “certain to produce another humanitarian catastrophe.”",5243
167,Trump Hit Where It Hurts Most,2024-02-16,0,https://www.nytimes.com/2024/02/16/us/politics/trump-trial-fraud-ruling.html,The civil fraud ruling is a blow to the former president’s wallet and his image.,5993
168,Illinois 12th Congressional District Primary Election Results,2024-03-19,0,https://www.nytimes.com/interactive/2024/03/19/us/elections/results-illinois-us-house-12-primary.html,Get live results and maps from the 2024 Illinois primary election.,10227
169,Police Officer Charged With Murdering Two Men in Australia,2024-02-27,0,https://www.nytimes.com/2024/02/27/world/australia/sydney-bodies-found-police-murder.html,"The officer, Beaumont Lamarre-Condon, was charged Friday with killing Jesse Baird, 26, and Luke Davies, 29, who had been missing for more than a week and whose bodies were found on Tuesday.",7274
170,"U.S. Debt Races Toward Record This Decade, C.B.O. Warns",2024-03-20,0,https://www.nytimes.com/2024/03/20/us/politics/debt-taxes-budget.html,Recently passed spending limits have slightly improved the nation’s fiscal outlook.,10415
171,What to Watch in Nevada’s Weird Election Week,2024-02-06,0,https://www.nytimes.com/2024/02/06/us/politics/nevada-republican-primary-caucus-trump-haley.html,"Tuesday’s primaries feature President Biden with token opposition, while Nikki Haley is aiming not to lose to “none of these candidates.” G.O.P. caucuses, engineered for Donald Trump, are on Thursday.",4478
172,Trump Makes Another Pitch to Appeals Court on Immunity in Election Case,2024-01-03,0,https://www.nytimes.com/2024/01/02/us/politics/trump-appeals-court-immunity.html,The filing was the last step before an appeals court in Washington will hold a hearing on the crucial issue next week.,180
173,Why Control of the Senate Hinges on Don Jr.’s Hunting Buddy,2024-03-22,0,https://www.nytimes.com/2024/03/22/opinion/senate-republicans-trump.html,Senate Republicans may win back the chamber in November because they finally learned some lessons from election losses.,10709
174,‘Frozen Garlic!’ Taiwan Likes Its Democracy Loud and Proud,2024-01-11,0,https://www.nytimes.com/2024/01/11/world/asia/taiwan-election-democracy-loud.html,"At the island’s election rallies, warming up the crowd for candidates is crucial. “You have to light a fire in their hearts,” one host says.",1224
175,Johnson Says He Will Invite Netanyahu to Address Congress,2024-03-21,0,https://www.nytimes.com/2024/03/21/world/middleeast/johnson-netanyahu-schumer.html,"Senator Chuck Schumer, the majority leader, also said he would support having a speech delivered “to Congress in a bipartisan way.”",10594
176,Trump Is Losing It,2024-02-13,0,https://www.nytimes.com/2024/02/13/opinion/trump-campaign-biden-aging.html,"Unfortunately for Biden, the former president benefits from something akin to the soft bigotry of low expectations.",5403
177,Pentagon Review Finds No Evidence of Alien Cover-Up,2024-03-08,0,https://www.nytimes.com/2024/03/08/us/politics/pentagon-ufo-alien-review.html,But the new report suggests that the public’s belief that the government is hiding what it knows will probably continue.,8821
178,Beyond the Front Lines,2024-01-05,1,https://www.nytimes.com/2024/01/05/briefing/ukraine-russia-war-new-phase.html,The war in Ukraine has entered a new phase.,509
179,"As Bridge Cleanup Gets Underway, Officials Warn of ‘Daunting’ Process",2024-03-29,0,https://www.nytimes.com/2024/03/29/us/baltimore-francis-scott-key-bridge.html,"Clearing the debris from the collapsed Francis Scott Key Bridge will be a complex but urgent task, officials said. And rebuilding it may take several years, they cautioned.",11605
180,"Who Is Ashleigh Merchant, the Lawyer Who Led the Effort to Oust Fani Willis?",2024-03-15,0,https://www.nytimes.com/2024/03/15/us/elections/ashleigh-merchant-fani-willis.html,Her revelation of a romantic relationship between the lead prosecutors in the Trump case threw the proceedings into turmoil.,9784
181,The Two-Decade Fight for Two Letters on the Internet,2024-02-21,0,https://www.nytimes.com/2024/02/21/world/asia/niue-nu-domain-sweden.html,"The South Pacific island of Niue says it was cheated out of .nu, a domain that turned out to be very lucrative on the other side of the world.",6392
182,Dangerous Subzero Wind Chills Blanket Much of the U.S.,2024-01-14,0,https://www.nytimes.com/2024/01/14/us/cold-snow-blizzards-weather.html,More than 100 million people were under a wind chill warning or advisory on Sunday as an “Arctic blast” blanketed the country. Two people were killed in Oregon after trees fell on their homes.,1618
183,When Public Health Loses the Public,2024-01-18,0,https://www.nytimes.com/2024/01/18/opinion/public-health-trust.html,What role may public health officials have played in fostering public distrust of them?,2093
184,A Protest Against Biden Over the Gaza War,2024-03-01,1,https://www.nytimes.com/2024/03/01/opinion/joe-biden-gaza-protest.html,"Readers discuss Arab American criticism of the president, reflected in the Michigan primary. Also: Politicians’ visits to the border; congressional gridlock.",7697
185,Letter to San Zaw Htway,2024-01-30,1,https://www.nytimes.com/video/opinion/100000009269993/letter-to-san-zaw-htway.html,"After the 2021 military coup in Myanmar, loved ones of the deceased artist and political prisoner San Zaw Htway wrote him letters as an act of remembrance and hope.",3557
186,Sarkozy’s Prison Sentence Halved to 6 Months,2024-02-14,0,https://www.nytimes.com/2024/02/14/world/europe/nicolas-sarkozy-verdict.html,"Former President Nicolas Sarkozy of France saw an appeals court uphold his conviction for illegally financing an election campaign, but he received a lighter sentence.",5609
187,Wednesday Briefing,2024-01-24,0,https://www.nytimes.com/2024/01/24/briefing/buffer-zone-israel-nato-sweden.html,Here’s what you need to know.,2819
188,"The Trump Election Immunity Ruling, Annotated",2024-02-06,0,https://www.nytimes.com/interactive/2024/02/06/us/politics/trump-immunity-ruling-2020-election.html,"A three-judge appeals court panel rejected former President Donald J. Trump’s claim that he was immune to criminal charges. Read its decision, with Times analysis.",4527
189,Boy Is Critically Wounded in Shooting at Houston Church Led by Joel Osteen,2024-02-11,0,https://www.nytimes.com/2024/02/11/us/shooting-houston-osteen-lakewood-church.html,"A woman entered the Lakewood Church, a megachurch in Houston, with a rifle and opened fire, officials said. Off-duty officers shot and killed her.",5220
191,U.S. Fears Russia Might Put a Nuclear Weapon in Space,2024-02-17,0,https://www.nytimes.com/2024/02/17/us/politics/russia-nuclear-weapon-space.html,"American spy agencies are divided on whether Moscow would go so far, but the concern is urgent enough that Secretary of State Antony J. Blinken has asked China and India to try to talk Russia down.",6092
192,Court Papers Offer Glimpse of Trump’s Defense in Classified Documents Case,2024-01-12,0,https://www.nytimes.com/2024/01/12/us/politics/trump-defense-classified-documents.html,The former president’s lawyers may question whether the documents he took from the White House were related to national defense and whether the country’s security was damaged.,1495
193,Birmingham-Southern College to Close After Failing to Secure State Loan,2024-03-26,0,https://www.nytimes.com/2024/03/26/us/birmingham-southern-college-closing.html,"After decades of financial mismanagement, the nearly 170-year-old private liberal arts school is set to close at the end of May.",11222
194,"Manchin, ‘Not Here Campaigning,’ Stirs 2024 Chatter in New Hampshire",2024-01-12,0,https://www.nytimes.com/2024/01/12/us/politics/new-hampshire-joe-manchin.html,"The attention-seeking West Virginia senator, who has teased a late third-party presidential bid, tried to keep up the suspense at a Friday appearance in the state.",1482
195,"If There’s One Thing Trump Is Right About, It’s Republicans",2024-03-10,0,https://www.nytimes.com/2024/03/10/opinion/trump-republicans-mcconnell-2024.html,"For the thousandth time, the G.O.P. refused an off-ramp that would free itself from him.",9021
196,The Genocide Charge Against Israel Is a Moral Obscenity,2024-01-17,1,https://www.nytimes.com/2024/01/16/opinion/israel-hamas-war-genocide.html,"In a war, the killing ends when one side stops fighting. In a genocide, that’s when the killing begins.",1902
197,"DeSantis, in Private Call, Sounds Off on Trump and Conservative News Media",2024-02-22,0,https://www.nytimes.com/2024/02/21/us/politics/desantis-trump-conservative-media.html,"Speaking with supporters in a call on Wednesday, Gov. Ron DeSantis of Florida said he would not be Donald J. Trump’s vice president.",6540
198,"In 2024, Expect New Debates on A.I., Gender and Guns",2024-01-02,0,https://www.nytimes.com/2024/01/02/us/state-legislatures-2024.html,Some of the most contentious issues in the country will dominate the agendas of state legislatures returning to work in the coming days and weeks.,88
199,"Hunter Biden Refuses to Testify Publicly, Calling G.O.P. Inquiry a ‘Circus’",2024-03-13,0,https://www.nytimes.com/2024/03/13/us/politics/hunter-biden-testify.html,"In a letter, a lawyer for the president’s son cited a scheduling conflict and denounced the Republican impeachment inquiry as a “carnival side show.”",9446
